City_ID,City,Country,Date,Lat,Lng,Max Temp,Humidity,Cloudiness,Wind Speed,Weather Description
0,Jamestown,US,2022-25-09/02/22 21:25:31,42.097,-79.2353,82.02,39,0,10.36,clear sky
1,San Francisco,US,2022-27-09/02/22 21:27:18,37.7749,-122.4194,96.03,74,20,28.77,few clouds
2,Codrington,AU,2022-27-09/02/22 21:27:23,-38.2667,141.9667,48.06,87,77,8.75,broken clouds
3,Salalah,OM,2022-27-09/02/22 21:27:24,17.0151,54.0924,78.89,83,75,5.75,broken clouds
4,Kaniama,CD,2022-27-09/02/22 21:27:24,-7.5667,24.1833,68.59,87,100,6.76,light rain
5,Butaritari,KI,2022-27-09/02/22 21:27:25,3.0707,172.7902,81.95,77,5,17.02,clear sky
6,Beloha,MG,2022-27-09/02/22 21:27:25,-25.1667,45.05,63.45,75,0,13.94,clear sky
7,Rikitea,PF,2022-23-09/02/22 21:23:12,-23.1203,-134.9692,71.04,73,61,21.99,broken clouds
8,Chipinge,ZW,2022-27-09/02/22 21:27:26,-20.1883,32.6236,51.76,70,25,4.14,scattered clouds
9,Yambio,SS,2022-27-09/02/22 21:27:26,4.5721,28.3955,67.28,92,100,5.3,overcast clouds
10,Tasiilaq,GL,2022-27-09/02/22 21:27:26,65.6145,-37.6368,42.96,68,95,4.43,overcast clouds
11,Yatou,CN,2022-27-09/02/22 21:27:27,37.15,122.3833,69.39,89,100,8.14,overcast clouds
12,Busselton,AU,2022-27-09/02/22 21:27:27,-33.65,115.3333,58.19,54,100,15.64,light rain
13,Mar Del Plata,AR,2022-24-09/02/22 21:24:05,-38.0023,-57.5575,51.1,68,0,10.0,clear sky
14,Ribeira Grande,PT,2022-27-09/02/22 21:27:27,38.5167,-28.7,72.52,74,100,11.43,overcast clouds
15,Berlevag,NO,2022-27-09/02/22 21:27:28,70.8578,29.0864,44.6,87,75,14.97,light intensity drizzle
16,Vaini,TO,2022-27-09/02/22 21:27:28,-21.2,-175.2,73.56,78,20,9.22,few clouds
17,Mahon,ES,2022-27-09/02/22 21:27:28,39.8885,4.2658,79.36,94,20,4.61,few clouds
18,Verkhnevilyuysk,RU,2022-27-09/02/22 21:27:29,63.4453,120.3167,40.64,96,100,3.47,overcast clouds
19,Ondjiva,AO,2022-27-09/02/22 21:27:29,-17.0667,15.7333,66.81,21,0,7.56,clear sky
20,Hammerfest,NO,2022-27-09/02/22 21:27:29,70.6634,23.6821,43.25,87,75,10.36,light intensity shower rain
21,Airai,TL,2022-27-09/02/22 21:27:30,-8.9266,125.4092,58.37,82,8,3.42,clear sky
22,Saint-Francois,FR,2022-27-09/02/22 21:27:30,46.4154,3.9054,63.84,94,100,2.3,overcast clouds
23,Caucaia,BR,2022-25-09/02/22 21:25:47,-3.7361,-38.6531,80.55,77,0,14.97,clear sky
24,Tongren,CN,2022-27-09/02/22 21:27:30,27.7172,109.1853,67.95,75,53,3.18,broken clouds
25,Beringovskiy,RU,2022-27-09/02/22 21:27:31,63.05,179.3167,47.86,61,31,6.06,scattered clouds
26,Faanui,PF,2022-27-09/02/22 21:27:31,-16.4833,-151.75,77.92,74,0,21.59,clear sky
27,Castro,BR,2022-27-09/02/22 21:27:31,-24.7911,-50.0119,65.08,59,75,3.78,broken clouds
28,Marsala,IT,2022-27-09/02/22 21:27:32,37.7966,12.4352,77.94,78,0,1.14,clear sky
29,Dikson,RU,2022-27-09/02/22 21:27:32,73.5069,80.5464,41.47,79,24,9.89,few clouds
30,Ferme-Neuve,CA,2022-27-09/02/22 21:27:33,46.7001,-75.4493,74.84,58,5,9.4,clear sky
31,Komsomolskiy,UZ,2022-27-09/02/22 21:27:33,40.4272,71.7189,70.52,37,0,6.91,clear sky
32,Mahebourg,MU,2022-27-09/02/22 21:27:33,-20.4081,57.7,70.09,73,20,8.05,few clouds
33,Touros,BR,2022-27-09/02/22 21:27:33,-5.1989,-35.4608,76.75,80,9,15.17,clear sky
34,Cap Malheureux,MU,2022-27-09/02/22 21:27:34,-19.9842,57.6142,65.46,74,0,5.99,clear sky
35,Kabale,UG,2022-27-09/02/22 21:27:34,-1.2486,29.9899,61.11,83,95,3.18,overcast clouds
36,Shimoda,JP,2022-27-09/02/22 21:27:34,34.6667,138.95,74.75,87,57,9.24,broken clouds
37,Yulara,AU,2022-27-09/02/22 21:27:35,-25.2406,130.9889,50.09,50,58,11.7,broken clouds
38,Barrow,US,2022-27-09/02/22 21:27:35,71.2906,-156.7887,39.22,93,100,4.61,mist
39,Chapais,CA,2022-27-09/02/22 21:27:36,49.7834,-74.8492,74.98,53,13,13.73,few clouds
40,Ipixuna,BR,2022-27-09/02/22 21:27:36,-1.7625,-48.8043,83.35,67,75,6.69,broken clouds
41,Deputatskiy,RU,2022-27-09/02/22 21:27:36,69.3,139.9,29.7,89,100,4.52,overcast clouds
42,Qui Nhon,VN,2022-27-09/02/22 21:27:37,13.7667,109.2333,78.26,86,83,4.9,broken clouds
43,Hilo,US,2022-27-09/02/22 21:27:37,19.7297,-155.09,91.27,64,0,6.91,clear sky
44,Esperance,AU,2022-27-09/02/22 21:27:37,-33.8667,121.9,53.62,77,100,21.21,light rain
45,Tshikapa,CD,2022-27-09/02/22 21:27:38,-6.4167,20.8,68.56,97,100,5.32,heavy intensity rain
46,Puerto Ayora,EC,2022-28-09/02/22 21:28:38,-0.7393,-90.3518,76.96,90,89,7.0,overcast clouds
47,Cabo San Lucas,MX,2022-27-09/02/22 21:27:43,22.8909,-109.9124,83.61,93,100,17.27,overcast clouds
48,Ayan,RU,2022-28-09/02/22 21:28:38,56.45,138.1667,54.21,76,87,5.86,overcast clouds
49,Tezu,IN,2022-28-09/02/22 21:28:39,27.9167,96.1667,75.92,98,100,2.46,moderate rain
50,Chuy,UY,2022-28-09/02/22 21:28:39,-33.6971,-53.4616,49.08,79,2,15.48,clear sky
51,San Patricio,US,2022-28-09/02/22 21:28:39,28.017,-97.5169,91.35,51,98,12.8,overcast clouds
52,Puerto Lleras,CO,2022-28-09/02/22 21:28:40,3.0223,-73.4044,80.98,82,46,4.25,scattered clouds
53,Anchorage,US,2022-26-09/02/22 21:26:27,61.2181,-149.9003,60.85,78,0,10.36,clear sky
54,Yellowknife,CA,2022-28-09/02/22 21:28:40,62.456,-114.3525,63.12,72,75,5.75,broken clouds
55,Ancud,CL,2022-28-09/02/22 21:28:40,-41.8697,-73.8203,56.23,71,0,5.66,clear sky
56,Nichinan,JP,2022-28-09/02/22 21:28:41,31.6,131.3667,76.68,88,80,7.7,moderate rain
57,Kovdor,RU,2022-28-09/02/22 21:28:41,67.5662,30.4758,40.64,95,100,12.21,overcast clouds
58,Gat,IL,2022-26-09/02/22 21:26:36,31.61,34.7642,81.28,100,2,7.36,clear sky
59,Hobart,AU,2022-28-09/02/22 21:28:21,-42.8794,147.3294,44.46,85,75,9.22,broken clouds
60,Wanaka,NZ,2022-28-09/02/22 21:28:42,-44.7,169.15,47.1,87,79,5.99,broken clouds
61,Creel,MX,2022-28-09/02/22 21:28:42,27.75,-107.6333,68.2,62,99,5.46,overcast clouds
62,Labuhan,ID,2022-28-09/02/22 21:28:43,-6.8844,112.2051,76.6,85,59,8.95,broken clouds
63,Severo-Kurilsk,RU,2022-28-09/02/22 21:28:43,50.6789,156.125,52.0,95,96,9.01,light rain
64,Mount Gambier,AU,2022-28-09/02/22 21:28:43,-37.8333,140.7667,40.91,100,75,5.75,drizzle
65,Poya,NC,2022-28-09/02/22 21:28:44,-21.35,165.15,71.65,73,99,7.11,overcast clouds
66,Nador,MA,2022-28-09/02/22 21:28:44,35.174,-2.9287,84.45,30,0,4.61,clear sky
67,Richards Bay,ZA,2022-28-09/02/22 21:28:44,-28.783,32.0377,67.5,60,0,15.08,clear sky
68,Grand Gaube,MU,2022-28-09/02/22 21:28:45,-20.0064,57.6608,70.2,74,0,5.99,clear sky
69,Hassleholm,SE,2022-28-09/02/22 21:28:45,56.1591,13.7664,57.34,70,100,7.56,overcast clouds
70,Ilulissat,GL,2022-28-09/02/22 21:28:45,69.2167,-51.1,46.42,93,75,9.22,broken clouds
71,Hay River,CA,2022-28-09/02/22 21:28:46,60.8156,-115.7999,71.58,35,40,11.5,scattered clouds
72,Osa,RU,2022-28-09/02/22 21:28:46,57.2829,55.4567,47.12,71,8,5.12,clear sky
73,Kapaa,US,2022-28-09/02/22 21:28:46,22.0752,-159.319,84.18,70,0,14.97,clear sky
74,Alice Springs,AU,2022-28-09/02/22 21:28:47,-23.7,133.8833,38.75,100,53,1.14,broken clouds
75,Georgetown,MY,2022-28-09/02/22 21:28:28,5.4112,100.3354,78.89,88,20,3.44,few clouds
76,Arraial Do Cabo,BR,2022-28-09/02/22 21:28:47,-22.9661,-42.0278,71.56,64,0,17.27,clear sky
77,Khatanga,RU,2022-28-09/02/22 21:28:47,71.9667,102.5,34.84,86,100,6.78,overcast clouds
78,Nouadhibou,MR,2022-28-09/02/22 21:28:48,20.931,-17.0347,80.58,83,20,12.66,few clouds
79,Key Largo,US,2022-25-09/02/22 21:25:10,25.0865,-80.4473,90.0,56,56,11.74,broken clouds
80,Inirida,CO,2022-28-09/02/22 21:28:48,3.8653,-67.9239,78.58,92,96,1.72,overcast clouds
81,Norman Wells,CA,2022-28-09/02/22 21:28:48,65.282,-126.8329,69.84,30,75,9.22,broken clouds
82,Arlit,NE,2022-28-09/02/22 21:28:49,18.7369,7.3853,90.64,30,100,3.22,overcast clouds
83,Funadhoo,MV,2022-28-09/02/22 21:28:49,6.15,73.2667,79.16,83,22,19.04,few clouds
84,Bilibino,RU,2022-28-09/02/22 21:28:49,68.0546,166.4372,42.21,92,100,2.57,moderate rain
85,Cabra,ES,2022-28-09/02/22 21:28:50,37.4725,-4.4421,72.91,35,42,6.98,scattered clouds
86,Perg,AT,2022-28-09/02/22 21:28:50,48.25,14.6333,59.04,71,56,4.54,broken clouds
87,Provideniya,RU,2022-28-09/02/22 21:28:50,64.3833,-173.3,45.99,70,20,3.67,few clouds
88,Saraland,US,2022-28-09/02/22 21:28:51,30.8207,-88.0706,93.56,53,49,7.47,scattered clouds
89,Puyang,CN,2022-28-09/02/22 21:28:51,29.4603,119.8861,70.21,96,100,3.15,overcast clouds
90,Ruzomberok,SK,2022-28-09/02/22 21:28:51,49.0748,19.3075,52.18,78,83,2.93,broken clouds
91,Torbay,CA,2022-28-09/02/22 21:28:52,47.6666,-52.7314,77.76,78,75,2.3,broken clouds
92,Kaitangata,NZ,2022-29-09/02/22 21:29:52,-46.2817,169.8464,47.55,92,72,8.81,broken clouds
93,Isangel,VU,2022-29-09/02/22 21:29:52,-19.55,169.2667,73.51,78,75,4.61,broken clouds
94,Bubaque,GW,2022-29-09/02/22 21:29:53,11.2833,-15.8333,79.3,79,94,14.2,light rain
95,Lorengau,PG,2022-29-09/02/22 21:29:53,-2.0226,147.2712,81.1,74,85,6.89,overcast clouds
96,Vestmannaeyjar,IS,2022-29-09/02/22 21:29:53,63.4427,-20.2734,51.78,77,53,11.95,broken clouds
97,Coxim,BR,2022-29-09/02/22 21:29:54,-18.5067,-54.76,96.42,18,11,8.59,few clouds
98,Saint George,US,2022-28-09/02/22 21:28:18,37.1041,-113.5841,107.94,11,0,5.01,clear sky
99,Lima,PE,2022-29-09/02/22 21:29:54,-12.0432,-77.0282,61.05,72,20,8.05,few clouds
100,Stykkisholmur,IS,2022-29-09/02/22 21:29:55,65.0757,-22.7297,46.96,88,56,4.94,broken clouds
101,Saldanha,ZA,2022-29-09/02/22 21:29:55,-33.0117,17.9442,51.85,87,88,12.8,overcast clouds
102,Itarema,BR,2022-29-09/02/22 21:29:55,-2.9248,-39.9167,78.08,78,69,16.89,broken clouds
103,Cape Town,ZA,2022-26-09/02/22 21:26:57,-33.9258,18.4232,56.12,79,20,13.8,few clouds
104,Upernavik,GL,2022-29-09/02/22 21:29:56,72.7868,-56.1549,45.28,94,100,28.79,light rain
105,Krasnoborsk,RU,2022-29-09/02/22 21:29:56,61.5598,45.934,41.77,98,100,6.89,light rain
106,Inongo,CD,2022-29-09/02/22 21:29:56,-1.95,18.2667,64.99,100,92,3.38,overcast clouds
107,Sao Filipe,CV,2022-29-09/02/22 21:29:57,14.8961,-24.4956,78.76,86,83,12.5,light rain
108,Ingham,US,2022-29-09/02/22 21:29:57,42.6,-84.3833,83.43,63,40,3.44,scattered clouds
109,Westport,US,2022-25-09/02/22 21:25:34,41.1415,-73.3579,80.28,48,0,5.75,clear sky
110,Longyearbyen,SJ,2022-29-09/02/22 21:29:57,78.2186,15.6401,44.44,87,75,4.61,broken clouds
111,Guerrero Negro,MX,2022-29-09/02/22 21:29:58,27.9769,-114.0611,87.4,55,49,7.96,scattered clouds
112,Kavieng,PG,2022-29-09/02/22 21:29:58,-2.5744,150.7967,82.58,73,97,14.58,overcast clouds
113,Morant Bay,JM,2022-29-09/02/22 21:29:58,17.8815,-76.4093,83.82,73,87,9.22,overcast clouds
114,Fonte Boa,BR,2022-29-09/02/22 21:29:59,-2.4959,-66.2662,80.69,74,100,2.08,overcast clouds
115,Brownsburg,US,2022-29-09/02/22 21:29:59,39.8434,-86.3978,86.7,56,0,4.61,clear sky
116,Pontianak,ID,2022-29-09/02/22 21:29:59,-0.0333,109.3333,75.18,100,75,2.3,light rain
117,Edd,ER,2022-30-09/02/22 21:30:00,13.9297,41.6925,90.09,62,96,4.23,overcast clouds
118,Camacha,PT,2022-30-09/02/22 21:30:00,33.0833,-16.3333,69.22,83,40,10.36,scattered clouds
119,Ryotsu,JP,2022-30-09/02/22 21:30:01,38.0833,138.4333,72.77,72,87,6.22,light rain
120,Antofagasta,CL,2022-26-09/02/22 21:26:04,-23.65,-70.4,58.28,74,30,10.96,scattered clouds
121,Tacuarembo,UY,2022-30-09/02/22 21:30:01,-31.7333,-55.9833,50.99,76,0,11.14,clear sky
122,Petropavlovsk-Kamchatskiy,RU,2022-30-09/02/22 21:30:02,53.0452,158.6483,50.59,93,0,4.47,clear sky
123,Yeppoon,AU,2022-30-09/02/22 21:30:02,-23.1333,150.7333,67.78,96,100,5.1,overcast clouds
124,Kavaratti,IN,2022-30-09/02/22 21:30:03,10.5669,72.642,79.72,81,84,13.35,broken clouds
125,Waipawa,NZ,2022-30-09/02/22 21:30:04,-41.4122,175.5153,52.99,84,100,19.15,overcast clouds
126,Avarua,CK,2022-30-09/02/22 21:30:04,-21.2078,-159.775,77.05,88,100,8.05,overcast clouds
127,Faya,SA,2022-30-09/02/22 21:30:05,18.3851,42.4509,69.91,39,12,6.38,few clouds
128,Sardarshahr,IN,2022-30-09/02/22 21:30:05,28.4333,74.4833,90.3,52,46,11.61,scattered clouds
129,Bonavista,CA,2022-27-09/02/22 21:27:25,48.6499,-53.1147,69.48,76,99,10.4,overcast clouds
130,Daru,PG,2022-30-09/02/22 21:30:06,-9.0763,143.2092,78.94,86,68,2.28,broken clouds
131,Quatre Cocos,MU,2022-30-09/02/22 21:30:06,-20.2078,57.7625,69.91,67,0,13.24,clear sky
132,Grimsby,GB,2022-30-09/02/22 21:30:07,53.5654,-0.0755,64.69,91,100,12.66,overcast clouds
133,Gizo,SB,2022-30-09/02/22 21:30:07,-8.103,156.8419,82.24,74,28,7.2,scattered clouds
134,East London,ZA,2022-30-09/02/22 21:30:08,-33.0153,27.9116,64.02,84,100,16.64,light rain
135,Hasaki,JP,2022-30-09/02/22 21:30:08,35.7333,140.8333,72.28,88,84,12.88,broken clouds
136,Akyab,MM,2022-31-09/02/22 21:31:08,20.15,92.9,80.65,84,97,6.4,overcast clouds
137,Bethel,US,2022-31-09/02/22 21:31:09,41.3712,-73.414,80.69,47,0,8.05,clear sky
138,Port Elizabeth,ZA,2022-29-09/02/22 21:29:57,-33.918,25.5701,57.49,83,0,8.05,clear sky
139,Hovd,MN,2022-31-09/02/22 21:31:09,48.0056,91.6419,58.8,36,14,5.82,few clouds
140,Zheshart,RU,2022-31-09/02/22 21:31:10,62.0731,49.5733,44.29,95,98,5.48,overcast clouds
141,Tura,IN,2022-31-09/02/22 21:31:10,25.5198,90.2201,73.27,98,99,5.59,overcast clouds
142,Mnogovershinnyy,RU,2022-31-09/02/22 21:31:10,53.9353,139.9242,56.28,76,52,4.81,broken clouds
143,Pirajui,BR,2022-31-09/02/22 21:31:11,-21.9986,-49.4572,76.68,29,0,3.2,clear sky
144,Mayo,US,2022-31-09/02/22 21:31:11,38.8876,-76.5119,87.75,60,0,4.61,clear sky
145,Victoria,HK,2022-27-09/02/22 21:27:03,22.2855,114.1577,82.45,65,22,17.0,few clouds
146,Sao Felix Do Xingu,BR,2022-31-09/02/22 21:31:12,-6.6447,-51.995,82.13,27,19,2.21,few clouds
147,Asfi,MA,2022-31-09/02/22 21:31:12,32.2994,-9.2372,72.19,73,100,16.67,overcast clouds
148,Lithakia,GR,2022-31-09/02/22 21:31:12,37.7167,20.8333,76.37,75,0,14.36,clear sky
149,Hermanus,ZA,2022-31-09/02/22 21:31:13,-34.4187,19.2345,55.06,77,20,12.03,few clouds
150,Port Blair,IN,2022-31-09/02/22 21:31:13,11.6667,92.75,81.68,79,38,3.67,scattered clouds
151,Gao,ML,2022-31-09/02/22 21:31:14,16.6362,1.637,89.29,38,73,5.95,broken clouds
152,Hofn,IS,2022-31-09/02/22 21:31:14,64.2539,-15.2082,50.88,90,87,14.18,overcast clouds
153,Acolla,PE,2022-31-09/02/22 21:31:15,-11.7319,-75.5463,55.76,42,3,10.2,clear sky
154,Boyolangu,ID,2022-31-09/02/22 21:31:15,-8.1181,111.8935,73.15,96,53,3.76,broken clouds
155,Avera,US,2022-31-09/02/22 21:31:15,33.194,-82.5271,84.38,59,81,6.13,broken clouds
156,Thompson,CA,2022-31-09/02/22 21:31:15,55.7435,-97.8558,51.96,62,75,9.22,broken clouds
157,The Valley,AI,2022-31-09/02/22 21:31:16,18.217,-63.0578,81.1,81,78,18.19,broken clouds
158,Glendive,US,2022-31-09/02/22 21:31:16,47.1053,-104.7125,84.49,23,0,6.91,clear sky
159,Bourail,NC,2022-31-09/02/22 21:31:17,-21.5667,165.4833,72.79,67,100,7.45,overcast clouds
160,Ushuaia,AR,2022-31-09/02/22 21:31:17,-54.8,-68.3,42.46,75,100,4.61,light intensity drizzle
161,Panguna,PG,2022-31-09/02/22 21:31:17,-6.3164,155.4848,73.6,85,100,3.11,overcast clouds
162,Basudebpur,IN,2022-31-09/02/22 21:31:18,21.1353,86.7386,81.84,83,87,8.28,overcast clouds
163,Raga,SS,2022-31-09/02/22 21:31:18,8.4596,25.678,68.23,98,99,4.99,moderate rain
164,Thai Binh,VN,2022-31-09/02/22 21:31:18,20.45,106.3333,80.24,84,98,1.97,overcast clouds
165,Nishihara,JP,2022-31-09/02/22 21:31:19,26.1842,127.7558,78.85,88,100,25.32,mist
166,Alofi,NU,2022-31-09/02/22 21:31:19,-19.0595,-169.9187,71.49,94,100,3.44,overcast clouds
167,Garowe,SO,2022-31-09/02/22 21:31:19,8.4054,48.4845,74.01,67,65,28.25,broken clouds
168,Mataura,NZ,2022-31-09/02/22 21:31:20,-46.1927,168.8643,43.65,96,98,10.89,overcast clouds
169,Srandakan,ID,2022-31-09/02/22 21:31:20,-7.9386,110.2506,75.54,90,76,4.38,broken clouds
170,Ahipara,NZ,2022-31-09/02/22 21:31:20,-35.1667,173.1667,58.15,68,100,8.21,overcast clouds
171,Puranpur,IN,2022-31-09/02/22 21:31:21,28.5167,80.15,77.31,90,39,2.59,scattered clouds
172,Qaanaaq,GL,2022-31-09/02/22 21:31:21,77.484,-69.3632,36.75,91,100,5.59,light rain
173,Kirakira,SB,2022-31-09/02/22 21:31:21,-10.4544,161.9205,81.0,83,98,11.36,overcast clouds
174,Tilichiki,RU,2022-31-09/02/22 21:31:22,60.4667,166.1,54.88,70,37,5.08,scattered clouds
175,Micheweni,TZ,2022-31-09/02/22 21:31:22,-4.9667,39.8333,73.69,82,62,12.1,broken clouds
176,Shenjiamen,CN,2022-31-09/02/22 21:31:22,29.9576,122.298,78.57,91,14,7.31,few clouds
177,Cayenne,GF,2022-26-09/02/22 21:26:44,4.9333,-52.3333,84.24,70,0,10.36,clear sky
178,Jaumave,MX,2022-31-09/02/22 21:31:23,23.4167,-99.3833,84.56,53,100,6.55,overcast clouds
179,Cabadiangan,PH,2022-31-09/02/22 21:31:23,9.7531,122.4739,78.71,88,100,4.27,overcast clouds
180,Altay,CN,2022-32-09/02/22 21:32:24,47.8667,88.1167,56.82,41,7,2.33,clear sky
181,Klaksvik,FO,2022-32-09/02/22 21:32:24,62.2266,-6.589,56.32,97,46,17.76,scattered clouds
182,Ortigueira,BR,2022-32-09/02/22 21:32:24,-24.2083,-50.9494,70.09,52,94,1.07,overcast clouds
183,Chokurdakh,RU,2022-32-09/02/22 21:32:25,70.6333,147.9167,36.55,77,100,10.78,overcast clouds
184,Tazovskiy,RU,2022-32-09/02/22 21:32:25,67.4667,78.7,44.49,60,100,6.4,overcast clouds
185,Vilyuysk,RU,2022-32-09/02/22 21:32:25,63.7553,121.6247,38.77,94,100,2.86,overcast clouds
186,Lompoc,US,2022-32-09/02/22 21:32:26,34.6391,-120.4579,103.01,58,0,13.8,clear sky
187,Los Llanos De Aridane,ES,2022-32-09/02/22 21:32:26,28.6585,-17.9182,74.12,94,75,11.5,broken clouds
188,Caldas,CO,2022-32-09/02/22 21:32:26,6.0911,-75.6357,72.32,88,95,2.93,overcast clouds
189,Burgeo,CA,2022-32-09/02/22 21:32:27,47.6167,-57.6152,65.12,83,5,13.85,clear sky
190,Leshukonskoye,RU,2022-32-09/02/22 21:32:27,64.8989,45.7622,44.24,94,100,1.77,overcast clouds
191,Matamoros,MX,2022-32-09/02/22 21:32:27,25.5333,-103.25,84.31,51,75,0.0,broken clouds
192,Coquimbo,CL,2022-32-09/02/22 21:32:28,-29.9533,-71.3436,58.73,72,20,12.66,few clouds
193,Vanavara,RU,2022-32-09/02/22 21:32:28,60.34,102.2797,41.9,84,100,7.23,overcast clouds
194,Hithadhoo,MV,2022-32-09/02/22 21:32:28,-0.6,73.0833,80.73,75,65,14.47,broken clouds
195,Nemuro,JP,2022-32-09/02/22 21:32:29,43.3236,145.575,63.37,75,80,3.2,broken clouds
196,Jalu,LY,2022-32-09/02/22 21:32:29,29.0331,21.5482,83.55,40,0,10.56,clear sky
197,Sorland,NO,2022-32-09/02/22 21:32:29,67.667,12.6934,51.66,63,9,9.28,clear sky
198,Ambilobe,MG,2022-32-09/02/22 21:32:30,-13.2,49.05,66.47,78,51,4.88,broken clouds
199,Parainen,FI,2022-32-09/02/22 21:32:30,60.3067,22.301,49.89,69,25,7.65,scattered clouds
200,Luderitz,NA,2022-32-09/02/22 21:32:30,-26.6481,15.1594,54.23,79,0,9.44,clear sky
201,Pevek,RU,2022-32-09/02/22 21:32:31,69.7008,170.3133,36.25,81,100,3.06,light rain
202,Kosd,HU,2022-32-09/02/22 21:32:31,47.8079,19.1782,58.14,73,59,0.87,broken clouds
203,Zeya,RU,2022-32-09/02/22 21:32:31,53.75,127.2667,51.85,83,91,3.98,overcast clouds
204,Prieska,ZA,2022-32-09/02/22 21:32:32,-29.6641,22.7474,60.42,45,6,9.35,clear sky
205,Laguna,US,2022-32-09/02/22 21:32:32,38.421,-121.4238,108.14,19,0,10.36,clear sky
206,Den Helder,NL,2022-28-09/02/22 21:28:31,52.9599,4.7593,69.78,66,68,10.36,broken clouds
207,Kodiak,US,2022-30-09/02/22 21:30:39,57.79,-152.4072,54.91,76,75,9.22,broken clouds
208,Launceston,AU,2022-32-09/02/22 21:32:32,-41.45,147.1667,42.15,87,75,4.61,broken clouds
209,Kutum,SD,2022-32-09/02/22 21:32:33,14.2,24.6667,79.32,48,94,6.93,overcast clouds
210,Haines Junction,CA,2022-32-09/02/22 21:32:33,60.7522,-137.5108,48.15,87,100,3.44,overcast clouds
211,San Cristobal,VE,2022-29-09/02/22 21:29:46,7.7669,-72.225,78.98,58,100,3.69,overcast clouds
212,Clyde River,CA,2022-32-09/02/22 21:32:34,70.4692,-68.5914,41.23,93,40,9.22,scattered clouds
213,Sola,VU,2022-32-09/02/22 21:32:34,-13.8833,167.55,77.67,94,100,6.91,overcast clouds
214,Geraldton,AU,2022-32-09/02/22 21:32:34,-28.7667,114.6,57.61,88,100,17.27,overcast clouds
215,Nehe,CN,2022-32-09/02/22 21:32:35,48.4833,124.8333,60.55,63,99,5.97,overcast clouds
216,Northam,GB,2022-32-09/02/22 21:32:35,51.0333,-4.2167,65.39,96,96,5.75,overcast clouds
217,Pangnirtung,CA,2022-32-09/02/22 21:32:35,66.1451,-65.7125,48.2,87,100,0.0,light rain
218,Saint-Philippe,RE,2022-32-09/02/22 21:32:36,-21.3585,55.7679,63.99,82,92,12.46,light rain
219,Ponta Do Sol,PT,2022-32-09/02/22 21:32:36,32.6667,-17.1,74.03,84,68,4.79,broken clouds
220,Balad,IQ,2022-32-09/02/22 21:32:36,34.0164,44.1453,95.22,11,0,8.97,clear sky
221,Ulaanbaatar,MN,2022-32-09/02/22 21:32:37,47.9077,106.8832,44.73,87,0,0.0,clear sky
222,Kahului,US,2022-32-09/02/22 21:32:37,20.8947,-156.47,87.82,51,20,21.85,few clouds
223,Brokopondo,SR,2022-32-09/02/22 21:32:37,4.75,-55.1667,84.33,68,98,1.99,overcast clouds
224,Manosque,FR,2022-32-09/02/22 21:32:38,43.8288,5.7869,65.55,90,92,4.88,overcast clouds
225,Saint Anthony,US,2022-32-09/02/22 21:32:38,45.0205,-93.218,89.29,51,40,11.5,scattered clouds
226,Bengkulu,ID,2022-28-09/02/22 21:28:11,-3.8004,102.2655,74.57,93,100,8.81,overcast clouds
227,Southbridge,US,2022-33-09/02/22 21:33:39,42.0751,-72.0334,78.26,53,0,2.37,clear sky
228,Podosinovets,RU,2022-33-09/02/22 21:33:39,60.2776,47.0659,42.57,95,100,7.56,overcast clouds
229,Sterling,US,2022-33-09/02/22 21:33:39,39.0062,-77.4286,88.34,50,75,8.05,broken clouds
230,Carutapera,BR,2022-33-09/02/22 21:33:40,-1.195,-46.02,79.27,80,10,10.07,clear sky
231,Albany,US,2022-30-09/02/22 21:30:40,42.6001,-73.9662,78.89,40,1,3.0,clear sky
232,La Rochelle,FR,2022-33-09/02/22 21:33:40,46.1667,-1.15,68.07,88,20,6.91,few clouds
233,Port Hardy,CA,2022-30-09/02/22 21:30:43,50.6996,-127.4199,59.18,88,75,3.44,broken clouds
234,Itoman,JP,2022-33-09/02/22 21:33:40,26.1247,127.6694,79.57,91,75,20.71,light intensity shower rain
235,Isla Vista,US,2022-33-09/02/22 21:33:41,34.4133,-119.861,103.24,43,8,7.27,clear sky
236,Swan Hill,AU,2022-33-09/02/22 21:33:41,-35.3378,143.5544,42.69,79,0,11.79,clear sky
237,Kijang,KR,2022-33-09/02/22 21:33:42,35.2442,129.2139,73.13,89,100,17.96,moderate rain
238,Tuatapere,NZ,2022-33-09/02/22 21:33:42,-46.1333,167.6833,43.02,92,99,6.4,light rain
239,Nikolskoye,RU,2022-33-09/02/22 21:33:42,59.7035,30.7861,45.88,90,100,4.65,overcast clouds
240,Santa Cruz,BO,2022-33-09/02/22 21:33:43,-17.8,-63.1667,78.85,29,75,18.41,broken clouds
241,Lasa,IT,2022-33-09/02/22 21:33:43,46.6166,10.7002,63.48,93,84,2.42,broken clouds
242,Palmer,US,2022-33-09/02/22 21:33:43,42.1584,-72.3287,78.55,45,20,4.61,few clouds
243,Pizarro,CO,2022-33-09/02/22 21:33:44,4.9533,-77.366,79.99,83,59,7.29,broken clouds
244,Saskylakh,RU,2022-33-09/02/22 21:33:44,71.9167,114.0833,36.77,83,100,9.71,overcast clouds
245,Atuona,PF,2022-33-09/02/22 21:33:45,-9.8,-139.0333,77.09,75,33,24.36,light rain
246,Altamont,US,2022-32-09/02/22 21:32:47,42.2068,-121.7372,96.78,11,0,23.02,clear sky
247,Witu,KE,2022-33-09/02/22 21:33:45,-2.3889,40.4382,75.36,81,40,14.18,scattered clouds
248,Pasni,PK,2022-33-09/02/22 21:33:45,25.2631,63.471,79.48,84,61,7.07,broken clouds
249,Antalaha,MG,2022-33-09/02/22 21:33:46,-14.9003,50.2788,68.79,72,14,10.0,few clouds
250,Karratha,AU,2022-33-09/02/22 21:33:46,-20.7377,116.8463,67.19,85,100,2.06,light rain
251,Huty,UA,2022-33-09/02/22 21:33:46,50.1332,35.3439,54.05,47,99,7.09,overcast clouds
252,Grand-Santi,GF,2022-33-09/02/22 21:33:47,4.25,-54.3833,80.49,76,100,2.75,overcast clouds
253,Gambela,ET,2022-33-09/02/22 21:33:47,8.25,34.5833,68.97,95,69,4.47,moderate rain
254,Gubskaya,RU,2022-33-09/02/22 21:33:47,44.3164,40.6358,68.32,74,59,3.38,broken clouds
255,Misratah,LY,2022-33-09/02/22 21:33:48,32.3754,15.0925,81.61,64,0,6.8,clear sky
256,Mareeba,AU,2022-33-09/02/22 21:33:48,-17.0,145.4333,71.44,94,81,2.15,broken clouds
257,Aykhal,RU,2022-33-09/02/22 21:33:48,66.0,111.5,35.08,99,100,17.67,overcast clouds
258,Murdochville,CA,2022-33-09/02/22 21:33:49,48.9583,-65.5006,54.48,61,20,3.49,few clouds
259,Cervo,ES,2022-33-09/02/22 21:33:49,43.6702,-7.4101,59.97,72,1,5.08,clear sky
260,Husavik,IS,2022-33-09/02/22 21:33:49,66.0449,-17.3389,51.1,89,4,3.89,clear sky
261,Balykshi,KZ,2022-33-09/02/22 21:33:50,47.0667,51.8667,77.0,83,17,4.47,mist
262,San Quintin,MX,2022-33-09/02/22 21:33:50,30.4833,-115.95,82.69,57,2,11.45,clear sky
263,Vila Franca Do Campo,PT,2022-33-09/02/22 21:33:50,37.7167,-25.4333,73.2,81,85,6.89,overcast clouds
264,Katsuura,JP,2022-33-09/02/22 21:33:51,35.1333,140.3,76.19,89,93,9.89,overcast clouds
265,Kununurra,AU,2022-31-09/02/22 21:31:45,-15.7667,128.7333,75.18,46,0,11.5,clear sky
266,Nanortalik,GL,2022-33-09/02/22 21:33:51,60.1432,-45.2371,49.73,55,91,19.51,overcast clouds
267,Ko Samui,TH,2022-33-09/02/22 21:33:31,9.5357,99.9357,82.69,77,99,10.49,overcast clouds
268,Saint-Augustin,CA,2022-33-09/02/22 21:33:52,51.226,-58.6502,63.37,50,8,11.03,clear sky
269,Shepsi,RU,2022-33-09/02/22 21:33:52,44.0361,39.1489,76.86,70,57,7.09,broken clouds
270,Rafraf,TN,2022-33-09/02/22 21:33:52,37.1904,10.1837,82.71,80,52,9.06,broken clouds
271,Fortuna,US,2022-33-09/02/22 21:33:53,40.5982,-124.1573,66.92,85,100,8.05,overcast clouds
272,Ereymentau,KZ,2022-34-09/02/22 21:34:53,51.6199,73.1033,70.86,32,49,8.7,scattered clouds
273,Hays,US,2022-34-09/02/22 21:34:53,30.0502,-98.0336,94.23,51,91,1.01,overcast clouds
274,Marsa Matruh,EG,2022-34-09/02/22 21:34:54,31.3525,27.2453,79.0,78,0,5.75,clear sky
275,Am Timan,TD,2022-34-09/02/22 21:34:54,11.0297,20.2827,69.96,93,80,19.69,heavy intensity rain
276,Kudymkar,RU,2022-34-09/02/22 21:34:54,59.0173,54.656,43.05,90,70,8.66,broken clouds
277,Conde,BR,2022-34-09/02/22 21:34:55,-7.2597,-34.9075,74.66,88,75,10.36,broken clouds
278,Llata,PE,2022-34-09/02/22 21:34:55,-9.4167,-76.7833,58.71,60,7,8.88,clear sky
279,Bonfim,BR,2022-34-09/02/22 21:34:55,3.0833,-59.95,81.36,78,100,3.02,moderate rain
280,Pilar,BR,2022-34-09/02/22 21:34:56,-9.5972,-35.9567,73.33,89,4,3.8,clear sky
281,Senneterre,CA,2022-34-09/02/22 21:34:56,48.3835,-77.2328,78.84,55,59,15.37,broken clouds
282,Chinhoyi,ZW,2022-34-09/02/22 21:34:56,-17.3667,30.2,60.58,51,99,5.37,overcast clouds
283,Santa Vitoria Do Palmar,BR,2022-31-09/02/22 21:31:40,-33.5189,-53.3681,47.82,79,9,14.85,clear sky
284,Manokwari,ID,2022-34-09/02/22 21:34:57,-0.8667,134.0833,79.45,76,100,6.13,overcast clouds
285,Kurilsk,RU,2022-34-09/02/22 21:34:57,45.2333,147.8833,59.18,82,59,6.31,broken clouds
286,Narsaq,GL,2022-34-09/02/22 21:34:57,60.9167,-46.05,53.82,80,99,1.9,overcast clouds
287,Vilhena,BR,2022-34-09/02/22 21:34:58,-12.7406,-60.1458,89.82,35,54,9.22,broken clouds
288,La Cruz,MX,2022-34-09/02/22 21:34:58,23.9167,-106.9,88.45,65,99,10.8,overcast clouds
289,Molina,CL,2022-33-09/02/22 21:33:35,-35.1167,-71.2833,64.13,47,0,6.91,clear sky
290,Patea,NZ,2022-34-09/02/22 21:34:58,-39.7583,174.4833,53.69,94,100,13.82,light rain
291,Longhua,CN,2022-34-09/02/22 21:34:59,23.6137,114.1919,70.43,85,10,3.22,clear sky
292,Mango,US,2022-34-09/02/22 21:34:59,27.9797,-82.3065,90.14,83,75,5.99,broken clouds
293,Narasapur,IN,2022-34-09/02/22 21:34:59,16.45,81.6667,79.54,88,23,1.97,few clouds
294,Olinda,BR,2022-35-09/02/22 21:35:00,-8.0089,-34.8553,78.53,73,75,6.91,broken clouds
295,Celestun,MX,2022-35-09/02/22 21:35:00,20.8667,-90.4,81.7,70,98,15.95,overcast clouds
296,Te Anau,NZ,2022-35-09/02/22 21:35:01,-45.4167,167.7167,48.33,75,66,6.89,light rain
297,Axim,GH,2022-35-09/02/22 21:35:01,4.8699,-2.2405,74.16,93,46,5.32,scattered clouds
298,Chifeng,CN,2022-35-09/02/22 21:35:02,42.2683,118.9636,58.5,50,9,4.43,clear sky
299,Caluquembe,AO,2022-35-09/02/22 21:35:02,-13.7833,14.6833,62.24,22,2,2.3,clear sky
300,Moose Factory,CA,2022-35-09/02/22 21:35:03,51.2585,-80.6094,85.98,48,0,29.93,clear sky
301,La Esperanza,GT,2022-35-09/02/22 21:35:03,14.8667,-91.5667,66.92,88,75,6.91,broken clouds
302,Kokuy,RU,2022-35-09/02/22 21:35:03,52.2037,117.5529,53.02,74,31,3.33,scattered clouds
303,Tautira,PF,2022-35-09/02/22 21:35:04,-17.7333,-149.15,77.56,72,28,19.19,scattered clouds
304,Traverse City,US,2022-35-09/02/22 21:35:04,44.7631,-85.6206,86.11,52,75,16.11,broken clouds
305,Severo-Yeniseyskiy,RU,2022-35-09/02/22 21:35:05,60.3725,93.0408,32.79,99,43,2.57,scattered clouds
306,Goundam,ML,2022-35-09/02/22 21:35:05,16.4145,-3.6708,86.54,56,50,8.57,light rain
307,Magdalena,PH,2022-35-09/02/22 21:35:06,14.1999,121.429,73.35,95,100,4.41,heavy intensity rain
308,Angoche,MZ,2022-35-09/02/22 21:35:06,-16.2325,39.9086,70.52,69,1,7.31,clear sky
309,Jibuti,DJ,2022-35-09/02/22 21:35:07,11.5,42.5,81.73,66,4,10.78,clear sky
310,Chaozhou,CN,2022-35-09/02/22 21:35:08,23.6651,116.6379,75.06,69,0,7.52,clear sky
311,Oranjemund,NA,2022-35-09/02/22 21:35:08,-28.55,16.4333,52.07,81,0,3.27,clear sky
312,Uvalde,US,2022-35-09/02/22 21:35:08,29.3669,-99.767,91.31,37,40,9.22,scattered clouds
313,Elliot Lake,CA,2022-35-09/02/22 21:35:09,46.3834,-82.6331,78.62,57,77,9.91,broken clouds
314,Iqaluit,CA,2022-30-09/02/22 21:30:13,63.7506,-68.5145,38.93,100,100,9.22,light rain
315,Phuket,TH,2022-35-09/02/22 21:35:09,8.0,98.25,86.13,93,40,0.0,moderate rain
316,Havre-Saint-Pierre,CA,2022-35-09/02/22 21:35:10,50.2334,-63.5986,55.76,76,75,16.11,broken clouds
317,Atar,MR,2022-35-09/02/22 21:35:10,20.5169,-13.0499,84.67,47,100,4.36,overcast clouds
318,Souillac,MU,2022-36-09/02/22 21:36:10,-20.5167,57.5167,70.18,73,20,8.05,few clouds
319,Dariba,IN,2022-36-09/02/22 21:36:11,24.95,74.1333,77.76,82,77,4.32,broken clouds
320,Tabou,CI,2022-36-09/02/22 21:36:11,4.423,-7.3528,74.88,91,15,5.66,few clouds
321,Dombarovskiy,RU,2022-36-09/02/22 21:36:11,50.7587,59.5386,80.1,21,70,13.73,broken clouds
322,Dukat,RU,2022-36-09/02/22 21:36:12,62.55,155.55,52.93,68,64,9.82,broken clouds
323,Lincolnia,US,2022-36-09/02/22 21:36:03,40.8,-96.667,96.71,36,0,8.05,clear sky
324,San Matias,BO,2022-36-09/02/22 21:36:12,-16.3667,-58.4,91.44,23,29,3.44,scattered clouds
325,Carnarvon,AU,2022-35-09/02/22 21:35:11,-24.8667,113.6333,64.99,76,5,11.18,clear sky
326,Okha,RU,2022-36-09/02/22 21:36:13,53.5739,142.9478,58.98,79,0,13.11,clear sky
327,Katherine,AU,2022-36-09/02/22 21:36:13,-14.4667,132.2667,71.92,56,3,11.5,clear sky
328,Onalaska,US,2022-36-09/02/22 21:36:13,43.8844,-91.2351,86.29,62,20,13.8,few clouds
329,Balkanabat,TM,2022-36-09/02/22 21:36:14,39.5108,54.3671,88.54,11,0,16.08,clear sky
330,Cherskiy,RU,2022-36-09/02/22 21:36:14,68.75,161.3,40.98,81,100,9.62,light rain
331,Weinan,CN,2022-36-09/02/22 21:36:14,34.5036,109.5089,68.11,73,100,1.5,overcast clouds
332,Hami,CN,2022-36-09/02/22 21:36:15,42.8,93.45,70.2,19,1,6.06,clear sky
333,Dingle,PH,2022-36-09/02/22 21:36:15,10.9995,122.6711,76.71,91,100,5.5,overcast clouds
334,Foumban,CM,2022-36-09/02/22 21:36:15,5.7291,10.9001,61.57,91,100,1.39,overcast clouds
335,Cidreira,BR,2022-36-09/02/22 21:36:16,-30.1811,-50.2056,58.32,84,92,14.27,overcast clouds
336,Nizwa,OM,2022-36-09/02/22 21:36:16,22.9333,57.5333,82.42,52,49,1.16,scattered clouds
337,Prince Rupert,CA,2022-36-09/02/22 21:36:14,54.3161,-130.3201,64.49,82,40,24.16,scattered clouds
338,Rezekne,LV,2022-36-09/02/22 21:36:17,56.5,27.3167,44.06,85,86,3.36,overcast clouds
339,Hobyo,SO,2022-36-09/02/22 21:36:17,5.3505,48.5268,75.4,80,74,25.23,broken clouds
340,Asau,RO,2022-36-09/02/22 21:36:17,46.4333,26.4,52.72,97,100,3.91,overcast clouds
341,Lakki Marwat,PK,2022-36-09/02/22 21:36:18,32.6079,70.9114,90.54,46,0,3.74,clear sky
342,Madaoua,NE,2022-36-09/02/22 21:36:18,14.073,5.96,80.58,68,92,13.11,overcast clouds
343,Palu,ID,2022-36-09/02/22 21:36:18,-0.8917,119.8707,74.77,94,56,3.11,broken clouds
344,Huangzhai,CN,2022-36-09/02/22 21:36:19,38.0751,112.6595,63.01,75,100,1.59,moderate rain
345,Lagos,NG,2022-33-09/02/22 21:33:28,6.5833,3.75,80.92,95,100,0.27,overcast clouds
346,Bathsheba,BB,2022-36-09/02/22 21:36:19,13.2167,-59.5167,86.61,66,20,11.5,few clouds
347,Talnakh,RU,2022-36-09/02/22 21:36:19,69.4865,88.3972,40.46,80,99,1.63,overcast clouds
348,Praia,CV,2022-36-09/02/22 21:36:20,14.9215,-23.5087,77.54,94,75,5.75,light rain
349,Yurga,RU,2022-36-09/02/22 21:36:20,55.7231,84.8861,41.76,84,6,3.76,clear sky
350,Iquitos,PE,2022-36-09/02/22 21:36:20,-3.7481,-73.2472,93.24,52,40,4.61,light rain
351,Adrar,MR,2022-36-09/02/22 21:36:21,20.5022,-10.0711,98.19,18,100,7.29,overcast clouds
352,Bambous Virieux,MU,2022-36-09/02/22 21:36:21,-20.3428,57.7575,70.05,73,20,8.05,few clouds
353,San Lawrenz,MT,2022-36-09/02/22 21:36:21,36.0553,14.204,78.85,85,90,5.21,overcast clouds
354,Pundaguitan,PH,2022-36-09/02/22 21:36:22,6.3711,126.1689,82.96,73,99,4.47,overcast clouds
355,Pangkalanbuun,ID,2022-36-09/02/22 21:36:22,-2.6833,111.6167,73.58,99,100,1.86,overcast clouds
356,Morondava,MG,2022-36-09/02/22 21:36:23,-20.2833,44.2833,69.35,71,17,5.86,few clouds
357,Punta Arenas,CL,2022-36-09/02/22 21:36:23,-53.15,-70.9167,44.62,87,75,19.57,broken clouds
358,Rawson,AR,2022-36-09/02/22 21:36:23,-43.3002,-65.1023,59.74,37,0,9.53,clear sky
359,Portland,US,2022-35-09/02/22 21:35:58,45.5234,-122.6762,92.86,41,20,4.61,smoke
360,Otjimbingwe,NA,2022-36-09/02/22 21:36:24,-22.35,16.1333,66.83,43,0,0.31,clear sky
361,Coahuayana,MX,2022-36-09/02/22 21:36:24,18.7333,-103.6833,89.51,61,98,9.06,overcast clouds
362,Kampene,CD,2022-36-09/02/22 21:36:24,-3.6,26.6667,66.74,99,100,1.63,overcast clouds
363,Zomin,UZ,2022-36-09/02/22 21:36:25,39.9606,68.3958,70.86,21,0,3.53,clear sky
364,Lata,PT,2022-36-09/02/22 21:36:25,40.1629,-8.3327,57.78,99,30,2.75,scattered clouds
365,Kondinskoye,RU,2022-36-09/02/22 21:36:25,59.6481,67.41,57.96,88,100,7.52,overcast clouds
366,Tuktoyaktuk,CA,2022-37-09/02/22 21:37:26,69.4541,-133.0374,60.8,77,40,6.91,scattered clouds
367,Mount Isa,AU,2022-37-09/02/22 21:37:26,-20.7333,139.5,56.97,67,100,17.27,overcast clouds
368,Umea,SE,2022-37-09/02/22 21:37:26,63.8284,20.2597,44.91,87,100,4.61,overcast clouds
369,Bluff,NZ,2022-35-09/02/22 21:35:11,-46.6,168.3333,43.56,88,97,15.64,moderate rain
370,Mukhen,RU,2022-37-09/02/22 21:37:27,48.1,136.1,58.14,77,3,4.9,clear sky
371,Horasan,TR,2022-37-09/02/22 21:37:27,40.0458,42.1728,65.53,30,18,2.01,few clouds
372,Honiara,SB,2022-37-09/02/22 21:37:28,-9.4333,159.95,81.88,76,25,7.07,scattered clouds
373,Namibe,AO,2022-37-09/02/22 21:37:28,-15.1961,12.1522,62.92,86,100,6.2,overcast clouds
374,Kudahuvadhoo,MV,2022-37-09/02/22 21:37:28,2.6708,72.8944,81.97,74,8,18.32,clear sky
375,Shingu,JP,2022-37-09/02/22 21:37:29,33.7333,135.9833,77.27,90,19,5.73,few clouds
376,Shira,RU,2022-37-09/02/22 21:37:29,54.4911,89.9531,42.31,82,83,2.84,broken clouds
377,Villa Del Rosario,CO,2022-37-09/02/22 21:37:29,7.8339,-72.4742,84.58,58,40,13.8,scattered clouds
378,Kishtwar,IN,2022-37-09/02/22 21:37:30,33.3167,75.7667,62.58,91,19,1.66,few clouds
379,Bayanday,RU,2022-37-09/02/22 21:37:30,53.0661,105.5139,52.3,77,100,4.94,overcast clouds
380,Wanning,CN,2022-37-09/02/22 21:37:30,18.8003,110.3967,78.58,90,100,3.8,overcast clouds
381,Macklin,CA,2022-37-09/02/22 21:37:31,52.3334,-109.9348,82.74,22,0,10.45,clear sky
382,Wajima,JP,2022-37-09/02/22 21:37:31,37.4,136.9,73.44,74,100,9.55,light rain
383,Aklavik,CA,2022-37-09/02/22 21:37:31,68.2191,-135.0107,66.2,48,20,5.75,few clouds
384,Ulaangom,MN,2022-37-09/02/22 21:37:32,49.9811,92.0667,59.09,46,71,3.51,broken clouds
385,Sitka,US,2022-37-09/02/22 21:37:32,57.0531,-135.33,62.49,72,100,11.5,light rain
386,Port Macquarie,AU,2022-37-09/02/22 21:37:32,-31.4333,152.9167,57.09,94,100,14.97,light rain
387,Alenquer,BR,2022-37-09/02/22 21:37:33,-1.9417,-54.7383,85.91,51,85,4.83,overcast clouds
388,Waingapu,ID,2022-37-09/02/22 21:37:33,-9.6567,120.2641,76.26,86,32,8.1,scattered clouds
389,Shieli,KZ,2022-37-09/02/22 21:37:33,44.1667,66.75,80.38,20,0,8.48,clear sky
390,Caravelas,BR,2022-37-09/02/22 21:37:34,-17.7125,-39.2481,69.84,70,93,4.92,overcast clouds
391,Erenhot,CN,2022-37-09/02/22 21:37:34,43.6475,111.9767,65.43,51,99,19.82,light rain
392,Elko,US,2022-37-09/02/22 21:37:34,41.0002,-115.5012,98.64,9,1,5.01,clear sky
393,Ambon,ID,2022-37-09/02/22 21:37:35,-3.6954,128.1814,76.23,16,40,4.61,scattered clouds
394,Kishi,NG,2022-37-09/02/22 21:37:35,9.0833,3.85,69.82,95,100,3.02,overcast clouds
395,Matay,EG,2022-37-09/02/22 21:37:35,28.419,30.7792,81.57,52,0,19.73,clear sky
396,Tiksi,RU,2022-37-09/02/22 21:37:36,71.6872,128.8694,39.2,87,100,12.21,light rain
397,Corner Brook,CA,2022-37-09/02/22 21:37:36,48.9667,-57.9484,66.36,77,78,6.71,broken clouds
398,Richmond Hill,CA,2022-35-09/02/22 21:35:15,43.8711,-79.4372,80.78,54,99,9.01,overcast clouds
399,New Norfolk,AU,2022-37-09/02/22 21:37:37,-42.7826,147.0587,40.71,75,16,2.13,few clouds
400,Merauke,ID,2022-33-09/02/22 21:33:03,-8.4667,140.3333,78.76,84,12,6.91,few clouds
401,Tukrah,LY,2022-37-09/02/22 21:37:37,32.5341,20.5791,79.52,75,14,6.08,few clouds
402,Samastipur,IN,2022-37-09/02/22 21:37:37,25.85,85.7833,82.45,78,100,5.57,overcast clouds
403,Moussoro,TD,2022-37-09/02/22 21:37:38,13.6408,16.4901,85.86,61,32,14.07,scattered clouds
404,Cusuna,HN,2022-37-09/02/22 21:37:38,15.85,-85.2333,86.76,58,100,12.46,overcast clouds
405,Yekaterinogradskaya,RU,2022-37-09/02/22 21:37:38,43.7635,44.2317,75.7,50,29,3.69,scattered clouds
406,Mehamn,NO,2022-37-09/02/22 21:37:38,71.0357,27.8492,44.55,76,75,13.8,broken clouds
407,Chake Chake,TZ,2022-37-09/02/22 21:37:39,-5.2459,39.7666,71.94,85,58,9.08,broken clouds
408,Chak Jhumra,PK,2022-37-09/02/22 21:37:39,31.5678,73.1835,86.5,47,0,4.99,clear sky
409,Ranong,TH,2022-37-09/02/22 21:37:39,9.9658,98.6348,78.75,89,100,5.08,overcast clouds
410,Maldonado,UY,2022-34-09/02/22 21:34:26,-34.6667,-54.9167,48.22,74,1,13.06,clear sky
411,Jumla,NP,2022-38-09/02/22 21:38:40,29.2747,82.1838,59.07,93,75,1.28,broken clouds
412,Puerto Carreno,CO,2022-38-09/02/22 21:38:40,6.189,-67.4859,85.98,70,40,5.75,thunderstorm
413,Ekibastuz,KZ,2022-38-09/02/22 21:38:41,51.6667,75.3667,73.78,42,97,8.97,overcast clouds
414,Hearst,CA,2022-38-09/02/22 21:38:41,49.6835,-83.6665,77.25,55,99,17.45,overcast clouds
415,Tharad,IN,2022-38-09/02/22 21:38:41,24.3961,71.6267,83.37,74,99,6.55,overcast clouds
416,Beipiao,CN,2022-38-09/02/22 21:38:42,41.7919,120.7792,56.7,75,77,2.26,broken clouds
417,Tromso,NO,2022-34-09/02/22 21:34:57,69.6496,18.957,44.62,76,75,8.05,broken clouds
418,Goderich,CA,2022-38-09/02/22 21:38:42,43.7501,-81.7165,81.91,47,100,13.8,overcast clouds
419,Owando,CG,2022-38-09/02/22 21:38:42,-0.4819,15.8999,68.36,98,100,2.28,overcast clouds
420,Jiuquan,CN,2022-38-09/02/22 21:38:43,39.7432,98.5174,66.67,29,61,21.07,broken clouds
421,Tilaran,CR,2022-38-09/02/22 21:38:43,10.4703,-84.9671,76.5,83,76,6.4,broken clouds
422,Pisco,PE,2022-38-09/02/22 21:38:43,-13.7,-76.2167,64.45,68,0,9.22,clear sky
423,Pingxiang,CN,2022-38-09/02/22 21:38:44,27.6167,113.85,65.68,83,68,0.81,broken clouds
424,Lagoa,PT,2022-38-09/02/22 21:38:44,39.05,-27.9833,70.84,77,44,14.54,scattered clouds
425,Olafsvik,IS,2022-38-09/02/22 21:38:44,64.8945,-23.7142,48.43,87,34,12.01,scattered clouds
426,Horsham,GB,2022-38-09/02/22 21:38:45,51.064,-0.3272,66.72,84,0,3.44,clear sky
427,Constitucion,CL,2022-38-09/02/22 21:38:45,-35.3333,-72.4167,56.64,67,0,10.27,clear sky
428,Turinskaya Sloboda,RU,2022-38-09/02/22 21:38:45,57.6232,64.3858,59.41,92,72,7.43,broken clouds
429,Calafell,ES,2022-38-09/02/22 21:38:46,41.2,1.5683,79.12,88,92,4.0,overcast clouds
430,Cuamba,MZ,2022-38-09/02/22 21:38:46,-14.8031,36.5372,62.11,72,4,3.15,clear sky
431,Sheltozero,RU,2022-38-09/02/22 21:38:46,61.3667,35.3667,44.02,88,60,13.15,broken clouds
432,Rapid Valley,US,2022-38-09/02/22 21:38:47,44.0625,-103.1463,88.77,27,0,9.22,clear sky
433,Ostrovnoy,RU,2022-38-09/02/22 21:38:47,68.0531,39.5131,47.68,95,100,28.23,light rain
434,Namie,JP,2022-38-09/02/22 21:38:47,37.4833,141.0,72.72,92,71,3.76,broken clouds
435,Kapit,MY,2022-38-09/02/22 21:38:48,2.0167,112.9333,74.43,100,100,0.36,overcast clouds
436,Pingliang,CN,2022-38-09/02/22 21:38:48,35.5392,106.6861,60.3,89,100,6.24,overcast clouds
437,Soto,AR,2022-38-09/02/22 21:38:48,-32.8107,-61.4026,63.03,26,0,7.56,clear sky
438,Saint-Joseph,RE,2022-38-09/02/22 21:38:49,-21.3667,55.6167,62.98,81,65,12.46,light rain
439,Arandas,MX,2022-36-09/02/22 21:36:27,20.7,-102.35,77.05,42,95,6.71,overcast clouds
440,Lakes Entrance,AU,2022-38-09/02/22 21:38:49,-37.8811,147.981,45.16,74,65,8.57,broken clouds
441,Pokhara,NP,2022-38-09/02/22 21:38:49,28.2333,83.9833,71.56,93,95,1.86,overcast clouds
442,Pombia,IT,2022-38-09/02/22 21:38:50,45.653,8.6336,70.41,77,40,4.61,scattered clouds
443,Koungou,YT,2022-38-09/02/22 21:38:50,-12.7336,45.2042,74.91,78,0,5.75,clear sky
444,Caramay,PH,2022-38-09/02/22 21:38:50,10.1815,119.236,78.6,86,96,3.06,overcast clouds
445,Tatvan,TR,2022-38-09/02/22 21:38:51,38.5067,42.2817,70.48,24,3,2.3,clear sky
446,Naze,JP,2022-38-09/02/22 21:38:51,28.3667,129.4833,81.52,83,98,21.03,light rain
447,La Ronge,CA,2022-35-09/02/22 21:35:08,55.1001,-105.2842,68.25,45,40,10.36,scattered clouds
448,Severnoye,RU,2022-38-09/02/22 21:38:52,56.3491,78.3619,49.57,73,100,8.81,overcast clouds
449,Nieuwpoort,BE,2022-38-09/02/22 21:38:52,51.1244,2.7735,68.02,72,100,5.75,light rain
450,North Bend,US,2022-38-09/02/22 21:38:52,43.4065,-124.2243,64.17,91,100,6.91,overcast clouds
451,Kaputa,ZM,2022-34-09/02/22 21:34:14,-8.4689,29.6619,73.45,52,32,2.64,scattered clouds
452,Kloulklubed,PW,2022-38-09/02/22 21:38:53,7.0419,134.2556,75.7,73,99,16.73,moderate rain
453,Sigli,ID,2022-38-09/02/22 21:38:53,5.3848,95.9609,76.96,84,100,6.87,overcast clouds
454,Wattegama,LK,2022-38-09/02/22 21:38:53,6.7989,81.4808,74.8,79,75,5.73,broken clouds
455,Elk City,US,2022-38-09/02/22 21:38:54,35.412,-99.4043,93.42,43,0,9.22,clear sky
456,Aloleng,PH,2022-38-09/02/22 21:38:54,16.1307,119.7824,80.53,85,100,17.27,overcast clouds
457,Bijie,CN,2022-39-09/02/22 21:39:55,27.3125,105.2942,55.85,96,100,2.62,overcast clouds
458,Batangafo,CF,2022-39-09/02/22 21:39:55,7.3008,18.2833,70.0,98,95,3.67,light rain
459,Valparaiso,CL,2022-39-09/02/22 21:39:55,-33.0393,-71.6273,64.63,65,0,9.22,clear sky
460,Port-Gentil,GA,2022-39-09/02/22 21:39:56,-0.7193,8.7815,76.96,83,40,6.91,scattered clouds
461,Noshiro,JP,2022-39-09/02/22 21:39:56,40.2039,140.0242,65.7,64,100,2.59,overcast clouds
462,Nago,JP,2022-39-09/02/22 21:39:56,26.5881,127.9761,79.65,89,100,31.38,moderate rain
463,Cochrane,CA,2022-39-09/02/22 21:39:57,51.1834,-114.4687,88.07,24,0,12.66,clear sky
464,Gannan,CN,2022-39-09/02/22 21:39:57,47.9147,123.5031,61.07,53,88,1.39,overcast clouds
465,Tema,GH,2022-39-09/02/22 21:39:57,5.667,-0.0166,75.61,94,40,11.5,scattered clouds
466,Srednekolymsk,RU,2022-37-09/02/22 21:37:38,67.45,153.6833,35.96,95,100,26.04,moderate rain
467,Necochea,AR,2022-37-09/02/22 21:37:42,-38.5473,-58.7368,43.32,75,0,2.71,clear sky
468,Saint-Pierre,RE,2022-39-09/02/22 21:39:58,-21.3393,55.4781,65.91,88,100,3.44,overcast clouds
469,Oktyabrskiy,RU,2022-39-09/02/22 21:39:58,54.4815,53.471,47.43,54,0,5.26,clear sky
470,Trairi,BR,2022-38-09/02/22 21:38:32,-3.2778,-39.2689,78.01,81,21,13.2,few clouds
471,Bull Savanna,JM,2022-39-09/02/22 21:39:59,17.8868,-77.5902,78.04,82,100,6.04,overcast clouds
472,Plettenberg Bay,ZA,2022-39-09/02/22 21:39:59,-34.0527,23.3716,55.26,81,59,5.82,broken clouds
473,Bagdarin,RU,2022-39-09/02/22 21:39:59,54.4333,113.6,47.91,96,99,1.79,overcast clouds
474,Zhigansk,RU,2022-40-09/02/22 21:40:00,66.7697,123.3711,38.48,92,100,7.23,overcast clouds
475,Zhangzhou,CN,2022-40-09/02/22 21:40:00,24.5133,117.6556,85.93,76,13,4.25,few clouds
476,Cockburn Town,TC,2022-40-09/02/22 21:40:00,21.4612,-71.1419,83.21,73,4,16.35,clear sky
477,Lexington,US,2022-36-09/02/22 21:36:48,37.9887,-84.4777,87.98,58,40,10.36,scattered clouds
478,Gorom-Gorom,BF,2022-40-09/02/22 21:40:01,14.4439,-0.2361,76.96,79,82,19.13,light rain
479,Cururupu,BR,2022-40-09/02/22 21:40:01,-1.8283,-44.8683,76.42,86,17,4.23,few clouds
480,Darhan,MN,2022-37-09/02/22 21:37:37,49.4867,105.9228,54.25,65,11,6.24,few clouds
481,Murray Bridge,AU,2022-40-09/02/22 21:40:02,-35.1167,139.2667,46.35,84,3,1.54,clear sky
482,Trincomalee,LK,2022-40-09/02/22 21:40:02,8.5711,81.2335,79.48,73,69,18.54,broken clouds
483,Comodoro Rivadavia,AR,2022-40-09/02/22 21:40:03,-45.8667,-67.5,60.66,31,21,27.63,dust
484,Ambovombe,MG,2022-40-09/02/22 21:40:03,-25.1667,46.0833,62.53,80,8,11.61,clear sky
485,Jaisalmer,IN,2022-40-09/02/22 21:40:04,26.9147,70.9181,84.2,66,24,12.55,few clouds
486,Chaohu,CN,2022-40-09/02/22 21:40:04,31.6,117.8667,67.01,73,71,6.24,broken clouds
487,Amapa,BR,2022-40-09/02/22 21:40:05,1.0,-52.0,74.66,87,100,2.3,overcast clouds
488,Galle,LK,2022-40-09/02/22 21:40:05,6.0367,80.217,76.53,90,67,10.11,broken clouds
489,Lebu,CL,2022-40-09/02/22 21:40:06,-37.6167,-73.65,50.23,81,20,18.68,few clouds
490,Yarada,IN,2022-40-09/02/22 21:40:06,17.65,83.2667,82.87,82,13,5.64,few clouds
491,Areka,ET,2022-40-09/02/22 21:40:07,7.0667,37.7,61.21,89,88,3.22,light rain
492,Tessalit,ML,2022-40-09/02/22 21:40:07,20.1986,1.0114,81.45,44,97,25.34,overcast clouds
493,Bredasdorp,ZA,2022-40-09/02/22 21:40:08,-34.5322,20.0403,50.16,78,11,6.02,few clouds
494,Mandalgovi,MN,2022-40-09/02/22 21:40:08,45.7625,106.2708,52.29,71,79,4.97,broken clouds
495,Taoudenni,ML,2022-40-09/02/22 21:40:08,22.6783,-3.9836,104.25,14,90,6.67,overcast clouds
496,Japura,ID,2022-40-09/02/22 21:40:09,-0.3167,102.35,72.39,99,100,2.71,light rain
497,Saint-Leu,RE,2022-40-09/02/22 21:40:09,-21.15,55.2833,65.32,79,10,10.47,light rain
498,Ayr,GB,2022-40-09/02/22 21:40:10,55.4627,-4.6339,62.51,79,100,13.62,moderate rain
499,Makakilo City,US,2022-37-09/02/22 21:37:55,21.3469,-158.0858,83.68,57,75,13.8,broken clouds
500,Kalmunai,LK,2022-40-09/02/22 21:40:10,7.4167,81.8167,78.69,80,48,0.6,scattered clouds
501,Colombo,LK,2022-41-09/02/22 21:41:11,6.9319,79.8478,76.95,86,65,8.9,broken clouds
502,Gua Musang,MY,2022-41-09/02/22 21:41:11,4.8823,101.9644,73.53,99,93,0.51,overcast clouds
503,Mantua,IT,2022-36-09/02/22 21:36:54,45.1667,10.7833,72.64,75,13,3.0,few clouds
504,Entre Rios,BR,2022-41-09/02/22 21:41:11,-11.9419,-38.0844,67.66,92,44,5.23,scattered clouds
505,Nambour,AU,2022-41-09/02/22 21:41:12,-26.6333,152.95,62.1,100,100,1.99,overcast clouds
506,Quang Ngai,VN,2022-41-09/02/22 21:41:12,15.1167,108.8,76.05,93,96,4.29,overcast clouds
507,Amarante Do Maranhao,BR,2022-41-09/02/22 21:41:12,-5.5667,-46.7422,81.97,27,17,3.06,few clouds
508,Melville,US,2022-37-09/02/22 21:37:20,40.7934,-73.4151,77.85,58,0,10.36,clear sky
509,Benjamin Constant,BR,2022-41-09/02/22 21:41:13,-4.3831,-70.0311,93.33,49,20,5.75,few clouds
510,Tarauaca,BR,2022-41-09/02/22 21:41:13,-8.1614,-70.7656,92.01,33,31,2.1,scattered clouds
511,Tarabuco,BO,2022-41-09/02/22 21:41:13,-19.1667,-64.9167,46.36,53,67,9.19,broken clouds
512,Canete,CL,2022-41-09/02/22 21:41:14,-37.8,-73.4,52.3,78,14,7.43,few clouds
513,Hervey Bay,AU,2022-41-09/02/22 21:41:14,-25.2986,152.8535,64.17,92,100,8.48,overcast clouds
514,Vao,NC,2022-41-09/02/22 21:41:14,-22.6667,167.4833,71.82,72,100,15.05,overcast clouds
515,Sharlyk,RU,2022-41-09/02/22 21:41:15,52.9167,54.75,63.14,32,60,10.18,broken clouds
516,Nome,US,2022-38-09/02/22 21:38:06,64.5011,-165.4064,56.16,87,75,4.61,light rain
517,Camacupa,AO,2022-41-09/02/22 21:41:15,-12.0167,17.4833,63.18,25,9,3.67,clear sky
518,Nigde,TR,2022-41-09/02/22 21:41:16,37.8333,34.75,66.29,44,0,7.23,clear sky
519,Rubtsovsk,RU,2022-41-09/02/22 21:41:16,51.5,81.25,54.77,95,24,6.42,few clouds
520,Ca Mau,VN,2022-41-09/02/22 21:41:16,9.1769,105.15,78.6,90,100,4.09,overcast clouds
521,Kishorganj,BD,2022-41-09/02/22 21:41:17,24.4333,90.7667,76.78,95,94,5.5,overcast clouds
522,Teluknaga,ID,2022-41-09/02/22 21:41:17,-6.0989,106.6381,80.64,88,20,8.05,few clouds
523,Coihaique,CL,2022-41-09/02/22 21:41:17,-45.5752,-72.0662,48.81,76,75,6.91,broken clouds
524,Mzimba,MW,2022-41-09/02/22 21:41:18,-11.9,33.6,55.96,62,3,7.74,clear sky
525,Villarrica,PY,2022-41-09/02/22 21:41:18,-25.75,-56.4333,63.68,89,100,6.24,overcast clouds
526,Salinas,US,2022-41-09/02/22 21:41:18,36.6777,-121.6555,100.99,52,0,13.8,clear sky
527,Salmas,IR,2022-41-09/02/22 21:41:19,38.1973,44.7653,74.84,20,4,5.7,clear sky
528,Buchanan,LR,2022-41-09/02/22 21:41:19,5.8808,-10.0467,75.07,90,33,6.85,scattered clouds
529,Kissidougou,GN,2022-41-09/02/22 21:41:19,9.1848,-10.0999,68.14,98,13,3.71,few clouds
530,Thohoyandou,ZA,2022-41-09/02/22 21:41:20,-22.9456,30.485,58.12,42,0,3.53,clear sky
531,Inhambane,MZ,2022-41-09/02/22 21:41:20,-23.865,35.3833,64.85,67,0,7.58,clear sky
532,Lovington,US,2022-41-09/02/22 21:41:21,32.944,-103.3485,88.32,46,100,6.64,overcast clouds
533,Ponca City,US,2022-41-09/02/22 21:41:21,36.707,-97.0856,95.02,43,0,10.36,clear sky
534,Finsterwalde,DE,2022-41-09/02/22 21:41:21,51.6333,13.7167,58.1,62,19,6.76,few clouds
535,Sisimiut,GL,2022-41-09/02/22 21:41:22,66.9395,-53.6735,49.71,84,100,12.86,overcast clouds
536,Seoul,KR,2022-36-09/02/22 21:36:50,37.5683,126.9778,67.44,85,0,3.44,moderate rain
537,Nueva Concepcion,GT,2022-41-09/02/22 21:41:22,14.2,-91.3,80.91,85,99,10.94,overcast clouds
538,Mahibadhoo,MV,2022-41-09/02/22 21:41:22,3.7833,72.9667,80.55,81,7,16.91,clear sky
539,Kapoeta,SS,2022-41-09/02/22 21:41:23,4.7717,33.5903,77.7,67,70,5.44,broken clouds
540,Wyndham,US,2022-41-09/02/22 21:41:23,37.6985,-77.6125,90.88,46,75,4.61,broken clouds
541,Jaciara,BR,2022-41-09/02/22 21:41:23,-15.9653,-54.9683,87.06,23,15,3.11,few clouds
542,Kailua,US,2022-38-09/02/22 21:38:25,21.4022,-157.7394,85.14,63,40,12.66,scattered clouds
543,Sept-Iles,CA,2022-41-09/02/22 21:41:24,50.2001,-66.3821,59.52,75,40,10.36,scattered clouds
544,Bhuban,IN,2022-41-09/02/22 21:41:24,20.8833,85.8333,80.89,86,99,2.28,overcast clouds
545,Dong Hoi,VN,2022-41-09/02/22 21:41:24,17.4833,106.6,78.87,85,100,3.78,overcast clouds
546,Ulagan,RU,2022-42-09/02/22 21:42:25,50.6321,87.9563,48.33,91,99,1.72,overcast clouds
547,Orsha,BY,2022-42-09/02/22 21:42:25,54.5153,30.4053,42.67,73,16,4.83,few clouds
548,Yangambi,CD,2022-42-09/02/22 21:42:26,0.8102,24.4336,65.25,99,99,1.03,overcast clouds
549,Zhezkazgan,KZ,2022-42-09/02/22 21:42:26,47.8043,67.7144,77.02,24,0,4.74,clear sky
550,Aksarka,RU,2022-42-09/02/22 21:42:26,66.5606,67.7975,47.01,65,100,18.75,overcast clouds
551,Largu,RO,2022-42-09/02/22 21:42:27,44.9667,27.15,58.24,78,100,17.27,overcast clouds
552,Ratnagiri,IN,2022-42-09/02/22 21:42:27,16.9833,73.3,77.45,90,20,4.07,few clouds
553,Kokopo,PG,2022-42-09/02/22 21:42:27,-4.352,152.2633,80.6,72,71,2.53,broken clouds
554,Upata,VE,2022-42-09/02/22 21:42:28,8.0086,-62.3989,74.93,92,98,1.66,overcast clouds
555,Hilton Head Island,US,2022-42-09/02/22 21:42:28,32.2163,-80.7526,86.11,83,20,3.44,few clouds
556,Cairns,AU,2022-37-09/02/22 21:37:33,-16.9167,145.7667,76.06,97,100,5.75,overcast clouds
557,Mersing,MY,2022-42-09/02/22 21:42:28,2.4312,103.8405,76.91,94,40,2.3,scattered clouds
558,Aborlan,PH,2022-42-09/02/22 21:42:29,9.4352,118.5492,77.07,88,86,3.13,overcast clouds
559,Ngunguru,NZ,2022-42-09/02/22 21:42:29,-35.6167,174.5,56.97,64,91,8.81,overcast clouds
560,Piacabucu,BR,2022-42-09/02/22 21:42:29,-10.4056,-36.4344,73.63,81,10,8.75,clear sky
561,Qaqortoq,GL,2022-42-09/02/22 21:42:30,60.7167,-46.0333,46.62,74,98,1.63,overcast clouds
562,Gurjaani,GE,2022-42-09/02/22 21:42:30,41.7429,45.8011,76.62,21,4,2.51,clear sky
563,Whitianga,NZ,2022-42-09/02/22 21:42:30,-36.8333,175.7,56.84,63,80,8.9,broken clouds
564,Puerto Escondido,MX,2022-42-09/02/22 21:42:31,15.85,-97.0667,80.55,87,100,6.51,overcast clouds
565,Dongsheng,CN,2022-42-09/02/22 21:42:31,39.8161,109.9776,57.06,84,100,3.36,overcast clouds
566,Chase,CA,2022-42-09/02/22 21:42:31,50.8165,-119.6857,96.15,17,0,5.66,clear sky
567,Wajid,SO,2022-42-09/02/22 21:42:32,3.8093,43.2471,71.96,65,64,19.55,broken clouds
568,Hambantota,LK,2022-42-09/02/22 21:42:32,6.1241,81.1185,77.34,100,40,8.05,scattered clouds
569,Wuwei,CN,2022-42-09/02/22 21:42:33,37.9281,102.6414,62.71,38,100,7.56,overcast clouds
570,Mildura,AU,2022-42-09/02/22 21:42:33,-34.2,142.15,37.08,90,0,14.7,clear sky
571,Dafeng,CN,2022-42-09/02/22 21:42:33,23.4517,108.5881,75.69,60,85,4.14,overcast clouds
572,Santa Rosa,PH,2022-38-09/02/22 21:38:22,14.3122,121.1114,77.11,95,100,8.72,heavy intensity rain
573,Iralaya,HN,2022-42-09/02/22 21:42:34,15.0,-83.2333,83.03,71,88,7.58,overcast clouds
574,Muzhi,RU,2022-42-09/02/22 21:42:34,65.3667,64.6667,45.16,94,100,18.34,overcast clouds
575,Sinnamary,GF,2022-42-09/02/22 21:42:34,5.3833,-52.95,80.15,84,86,12.24,overcast clouds
576,Luanda,AO,2022-37-09/02/22 21:37:55,-8.8368,13.2343,71.6,88,75,2.3,broken clouds
577,Praya,CV,2022-42-09/02/22 21:42:35,14.9215,-23.5087,77.54,94,75,5.75,light rain
578,Yar-Sale,RU,2022-42-09/02/22 21:42:35,66.8333,70.8333,45.03,74,100,16.58,overcast clouds
579,Tiarei,PF,2022-42-09/02/22 21:42:36,-17.5333,-149.3333,82.42,70,13,20.04,few clouds
580,Matveyevka,RU,2022-42-09/02/22 21:42:36,52.15,56.1833,62.69,75,63,12.44,broken clouds
581,Tupa,BR,2022-42-09/02/22 21:42:36,-21.9347,-50.5136,81.81,26,38,4.34,scattered clouds
582,Isabela,PH,2022-42-09/02/22 21:42:36,6.7085,121.9711,77.05,87,100,2.71,overcast clouds
583,Tall Kayf,TR,2022-42-09/02/22 21:42:37,37.0833,41.0667,92.61,13,0,8.95,clear sky
584,High Level,CA,2022-42-09/02/22 21:42:37,58.5169,-117.136,71.71,37,75,6.91,broken clouds
585,Baiyin,CN,2022-42-09/02/22 21:42:38,36.5583,104.2081,60.85,52,100,7.74,overcast clouds
586,Rafai,CF,2022-42-09/02/22 21:42:38,4.95,23.9167,65.44,99,94,2.68,overcast clouds
587,Buala,SB,2022-43-09/02/22 21:43:38,-8.145,159.5921,81.63,76,53,7.87,light rain
588,Weyburn,CA,2022-43-09/02/22 21:43:39,49.6668,-103.8511,71.82,28,4,8.05,clear sky
589,Papara,BR,2022-43-09/02/22 21:43:39,-3.9839,-38.7273,79.2,84,25,4.43,scattered clouds
590,Issoudun,FR,2022-43-09/02/22 21:43:39,47.0,1.8333,65.89,82,0,8.05,clear sky
591,Sao Bento,BR,2022-43-09/02/22 21:43:40,-6.2833,-37.75,79.99,47,67,18.68,broken clouds
592,Lavrentiya,RU,2022-43-09/02/22 21:43:40,65.5833,-171.0,42.98,76,77,6.55,broken clouds
593,Ozu,JP,2022-40-09/02/22 21:40:39,33.5,132.55,75.18,89,98,3.53,overcast clouds
594,Sovetskaya,RU,2022-43-09/02/22 21:43:40,44.7769,41.1722,69.31,67,45,10.27,scattered clouds
595,Vila,PT,2022-43-09/02/22 21:43:41,42.0304,-8.1588,56.7,78,41,3.89,scattered clouds
596,Petropavlovskoye,RU,2022-43-09/02/22 21:43:41,52.0712,84.107,52.07,95,91,4.88,overcast clouds
597,Sabang,ID,2022-43-09/02/22 21:43:41,5.8933,95.3214,79.59,82,80,23.22,broken clouds
598,Mandurah,AU,2022-43-09/02/22 21:43:42,-32.55,115.7,53.91,73,100,17.07,light rain
599,Qasigiannguit,GL,2022-43-09/02/22 21:43:42,68.8193,-51.1922,46.65,98,100,2.66,light rain
600,Fairbanks,US,2022-41-09/02/22 21:41:02,64.8378,-147.7164,62.6,64,0,4.61,clear sky
601,Werda,BW,2022-43-09/02/22 21:43:43,-25.2667,23.2833,62.08,23,0,9.86,clear sky
602,Buraydah,SA,2022-38-09/02/22 21:38:50,26.326,43.975,88.25,12,0,8.12,clear sky
603,Stornoway,GB,2022-43-09/02/22 21:43:43,58.2093,-6.3865,58.96,84,20,18.41,few clouds
604,Severodvinsk,RU,2022-43-09/02/22 21:43:43,64.5635,39.8302,46.51,87,100,13.56,light rain
605,Raudeberg,NO,2022-43-09/02/22 21:43:44,61.9875,5.1352,56.07,32,50,8.5,scattered clouds
606,Dutlwe,BW,2022-43-09/02/22 21:43:44,-23.9833,23.9,57.24,24,0,9.35,clear sky
607,Khandbari,NP,2022-43-09/02/22 21:43:44,27.3747,87.2039,72.32,90,97,1.03,overcast clouds
608,Juegang,CN,2022-43-09/02/22 21:43:45,32.3174,121.1855,76.91,95,100,14.14,overcast clouds
609,Sikonge,TZ,2022-43-09/02/22 21:43:45,-5.6333,32.7667,69.03,32,47,7.02,scattered clouds
610,Ostersund,SE,2022-43-09/02/22 21:43:45,63.1792,14.6357,46.85,66,100,8.05,overcast clouds
611,Isla Mujeres,MX,2022-43-09/02/22 21:43:07,21.2311,-86.731,86.16,82,100,12.03,overcast clouds
612,Kingsville,US,2022-43-09/02/22 21:43:46,27.5159,-97.8561,91.65,70,75,12.66,broken clouds
613,Diego De Almagro,CL,2022-41-09/02/22 21:41:29,-26.3667,-70.05,66.18,15,0,7.38,clear sky
614,Mayor Pablo Lagerenza,PY,2022-43-09/02/22 21:43:46,-19.9309,-60.7718,72.09,52,100,8.63,overcast clouds
615,Groningen,NL,2022-40-09/02/22 21:40:59,53.25,6.75,68.02,51,70,9.22,broken clouds
616,Almaznyy,RU,2022-43-09/02/22 21:43:47,48.0448,40.045,56.88,34,2,11.54,clear sky
617,Longkou,CN,2022-43-09/02/22 21:43:47,37.6508,120.3286,67.62,70,92,5.88,overcast clouds
618,Maniitsoq,GL,2022-43-09/02/22 21:43:47,65.4167,-52.9,44.42,97,100,27.94,heavy intensity rain
619,Lensk,RU,2022-43-09/02/22 21:43:48,60.7253,114.9278,41.09,90,97,4.23,overcast clouds
620,Kiama,AU,2022-43-09/02/22 21:43:48,-34.6833,150.8667,51.46,88,100,5.01,light rain
621,Haileybury,CA,2022-43-09/02/22 21:43:48,47.449,-79.6373,82.98,59,79,17.52,broken clouds
622,Arang,IN,2022-43-09/02/22 21:43:49,21.2,81.9667,79.48,82,98,5.75,overcast clouds
623,Najran,SA,2022-43-09/02/22 21:43:49,17.4924,44.1277,81.25,30,64,5.01,broken clouds
624,Nouakchott,MR,2022-41-09/02/22 21:41:53,18.0858,-15.9785,80.53,77,55,13.13,broken clouds
625,Boende,CD,2022-43-09/02/22 21:43:50,-0.2167,20.8667,66.88,99,94,2.51,overcast clouds
626,Leh,IN,2022-43-09/02/22 21:43:50,34.1667,77.5833,60.26,47,78,5.55,broken clouds
627,Arman,RU,2022-43-09/02/22 21:43:50,59.7,150.1667,57.02,94,91,7.43,overcast clouds
628,Oda,JP,2022-39-09/02/22 21:39:49,35.1833,132.5,70.57,88,100,8.79,overcast clouds
629,Miles City,US,2022-43-09/02/22 21:43:51,46.4083,-105.8406,85.17,18,0,9.22,clear sky
630,Siquijor,PH,2022-43-09/02/22 21:43:51,9.2142,123.515,78.71,75,100,9.08,overcast clouds
631,Broome,US,2022-43-09/02/22 21:43:51,42.2506,-75.833,80.8,41,0,1.99,clear sky
632,Prachin Buri,TH,2022-43-09/02/22 21:43:52,14.0833,101.6667,76.73,95,100,1.01,overcast clouds
633,Conceicao Do Araguaia,BR,2022-44-09/02/22 21:44:52,-8.2578,-49.2647,83.01,22,7,1.48,clear sky
634,Svetlogorsk,BY,2022-44-09/02/22 21:44:52,52.6333,29.7333,44.92,65,99,5.55,overcast clouds
635,Malpe,IN,2022-44-09/02/22 21:44:53,13.35,74.7167,76.3,93,11,5.77,few clouds
636,Bay Roberts,CA,2022-42-09/02/22 21:42:14,47.5999,-53.2648,76.75,77,91,5.61,overcast clouds
637,Port Alfred,ZA,2022-44-09/02/22 21:44:53,-33.5906,26.891,59.18,82,99,3.0,overcast clouds
638,Santiago,CL,2022-40-09/02/22 21:40:41,-33.4569,-70.6483,74.64,32,0,14.97,clear sky
639,Dhidhdhoo,MV,2022-44-09/02/22 21:44:54,6.8833,73.1,80.04,82,40,20.07,scattered clouds
640,Kushima,JP,2022-44-09/02/22 21:44:54,31.4583,131.2333,75.83,90,78,7.2,light rain
641,Calama,CL,2022-44-09/02/22 21:44:54,-22.4667,-68.9333,70.29,8,0,24.16,clear sky
642,Sao Joaquim Da Barra,BR,2022-44-09/02/22 21:44:55,-20.5814,-47.8547,75.29,27,0,1.63,clear sky
643,Mount Pleasant,US,2022-44-09/02/22 21:44:03,32.7941,-79.8626,85.05,83,0,6.91,clear sky
644,Port Lincoln,AU,2022-44-09/02/22 21:44:55,-34.7333,135.8667,52.21,70,82,12.59,broken clouds
645,Solnechnyy,RU,2022-44-09/02/22 21:44:55,50.7214,136.6319,57.52,79,36,5.23,scattered clouds
646,Seydi,TM,2022-44-09/02/22 21:44:56,39.4816,62.9137,78.89,14,0,12.37,clear sky
647,Meulaboh,ID,2022-44-09/02/22 21:44:56,4.1363,96.1285,74.05,95,100,6.24,light rain
648,Campo Verde,BR,2022-44-09/02/22 21:44:56,-20.4167,-54.0667,82.4,30,58,5.59,broken clouds
649,Iranshahr,IR,2022-44-09/02/22 21:44:57,27.2025,60.6848,88.14,37,0,6.91,clear sky
650,Jacmel,HT,2022-44-09/02/22 21:44:57,18.2342,-72.5347,87.64,78,100,3.87,overcast clouds
651,Natchitoches,US,2022-43-09/02/22 21:43:07,31.7668,-93.1335,78.78,89,75,6.91,broken clouds
652,Brzeg,PL,2022-40-09/02/22 21:40:36,50.8608,17.4674,60.67,57,29,7.94,scattered clouds
653,Bilma,NE,2022-44-09/02/22 21:44:58,18.6853,12.9164,92.71,23,3,4.79,clear sky
654,Huntsville,US,2022-44-09/02/22 21:44:09,34.7304,-86.5861,89.85,64,40,5.75,haze
655,Half Moon Bay,US,2022-44-09/02/22 21:44:58,37.4636,-122.4286,90.57,69,75,28.77,haze
656,Shitanjing,CN,2022-44-09/02/22 21:44:58,39.2342,106.3439,64.2,61,100,3.87,overcast clouds
657,Bossier City,US,2022-44-09/02/22 21:44:59,32.516,-93.7321,86.68,76,20,6.91,few clouds
658,Ballymena,GB,2022-44-09/02/22 21:44:59,54.8636,-6.2763,60.24,94,100,11.59,overcast clouds
659,Porbandar,IN,2022-44-09/02/22 21:44:59,21.6422,69.6093,80.58,83,39,9.19,scattered clouds
660,Leek,NL,2022-45-09/02/22 21:45:00,53.1625,6.3764,67.96,50,80,9.22,broken clouds
661,Vila Velha,BR,2022-44-09/02/22 21:44:42,-20.3297,-40.2925,73.35,80,20,9.22,few clouds
662,Bandarbeyla,SO,2022-45-09/02/22 21:45:00,9.4942,50.8122,75.61,78,81,23.29,broken clouds
663,Ugoofaaru,MV,2022-45-09/02/22 21:45:01,5.6667,73.0,79.34,82,27,19.1,scattered clouds
664,Zhangye,CN,2022-45-09/02/22 21:45:01,38.9342,100.4517,62.71,36,98,3.67,overcast clouds
665,Ust-Nera,RU,2022-45-09/02/22 21:45:01,64.5667,143.2,43.79,61,54,1.97,broken clouds
666,Santa Fe,AR,2022-40-09/02/22 21:40:10,-31.6333,-60.7,59.92,49,0,5.23,light rain
667,Pizhanka,RU,2022-45-09/02/22 21:45:02,57.4604,48.542,46.53,78,88,12.53,overcast clouds
668,Aranjuez,ES,2022-45-09/02/22 21:45:03,40.0311,-3.6025,76.53,36,66,10.22,broken clouds
669,Russkiy,RU,2022-45-09/02/22 21:45:03,43.0147,131.8642,48.06,74,0,3.02,clear sky
670,Mecca,SA,2022-44-09/02/22 21:44:01,21.4267,39.8261,91.38,39,0,3.47,clear sky
671,Sakakah,SA,2022-45-09/02/22 21:45:04,29.9697,40.2064,90.97,11,1,8.66,clear sky
672,Grindavik,IS,2022-44-09/02/22 21:44:08,63.8424,-22.4338,55.35,82,0,16.11,clear sky
673,Sabha,LY,2022-45-09/02/22 21:45:05,27.0377,14.4283,87.98,20,6,14.79,clear sky
674,Granadilla De Abona,ES,2022-45-09/02/22 21:45:06,28.1188,-16.576,72.09,86,0,9.22,clear sky
675,Shache,CN,2022-45-09/02/22 21:45:07,38.4167,77.2406,69.48,34,16,3.94,few clouds
676,Nacozari,MX,2022-45-09/02/22 21:45:07,25.3366,-108.2574,90.1,66,100,11.14,overcast clouds
677,Aztec,US,2022-45-09/02/22 21:45:07,36.8222,-107.9929,95.49,17,7,1.01,clear sky
678,Vardo,NO,2022-45-09/02/22 21:45:08,70.3705,31.1107,44.58,87,75,19.57,broken clouds
679,Bhabua,IN,2022-45-09/02/22 21:45:08,25.05,83.6167,80.82,82,100,4.43,overcast clouds
680,Valleyview,CA,2022-45-09/02/22 21:45:09,55.0667,-117.2859,82.44,32,33,11.5,scattered clouds
681,Svetlyy,RU,2022-46-09/02/22 21:46:09,54.675,20.1347,55.45,55,61,7.18,broken clouds
682,Houma,US,2022-46-09/02/22 21:46:10,29.5958,-90.7195,88.0,73,0,4.0,clear sky
683,Walvis Bay,NA,2022-46-09/02/22 21:46:10,-22.9575,14.5053,56.35,76,0,6.91,clear sky
684,Puquio,PE,2022-46-09/02/22 21:46:10,-14.7,-74.1333,56.08,38,58,6.78,broken clouds
685,Gangtok,IN,2022-43-09/02/22 21:43:44,27.3333,88.6167,64.9,96,98,0.11,overcast clouds
686,Chumikan,RU,2022-46-09/02/22 21:46:11,54.7183,135.315,56.03,88,58,2.98,broken clouds
687,Oneonta,US,2022-46-09/02/22 21:46:11,42.4529,-75.0638,78.06,54,33,3.56,scattered clouds
688,College,US,2022-46-09/02/22 21:46:12,64.8569,-147.8028,62.58,65,40,4.61,scattered clouds
689,Beyneu,KZ,2022-46-09/02/22 21:46:12,45.3167,55.2,85.42,14,2,11.21,clear sky
690,Iwanai,JP,2022-46-09/02/22 21:46:12,42.9744,140.5089,60.13,69,100,3.47,overcast clouds
691,Port Hedland,AU,2022-46-09/02/22 21:46:13,-20.3167,118.5667,71.65,88,100,5.75,overcast clouds
692,Luangwa,ZM,2022-46-09/02/22 21:46:13,-15.6167,30.4167,64.99,54,100,3.15,overcast clouds
693,Bartica,GY,2022-46-09/02/22 21:46:13,6.4,-58.6167,77.32,92,87,2.62,heavy intensity rain
694,Sayan,PE,2022-46-09/02/22 21:46:14,-11.1361,-77.1933,72.95,42,5,6.2,clear sky
695,Suez,EG,2022-46-09/02/22 21:46:14,29.9737,32.5263,76.48,79,0,10.65,clear sky
696,Lulea,SE,2022-46-09/02/22 21:46:14,65.5842,22.1547,46.47,81,100,8.05,overcast clouds
697,Pokrovskoye,RU,2022-46-09/02/22 21:46:15,47.4157,38.8971,63.66,29,3,15.37,clear sky
698,Charlestown,AU,2022-46-09/02/22 21:46:15,-32.95,151.6667,57.85,95,100,11.01,moderate rain
699,Harper,LR,2022-46-09/02/22 21:46:16,4.375,-7.7169,75.56,88,39,6.35,scattered clouds
700,Paamiut,GL,2022-46-09/02/22 21:46:16,61.994,-49.6678,50.74,65,100,32.61,light rain
701,Tres Lagoas,BR,2022-46-09/02/22 21:46:17,-20.7511,-51.6783,86.41,23,33,4.97,scattered clouds
702,Teahupoo,PF,2022-46-09/02/22 21:46:17,-17.8333,-149.2667,76.96,74,31,19.48,scattered clouds
703,Henderson,US,2022-43-09/02/22 21:43:21,36.0397,-114.9819,109.42,19,20,6.91,few clouds
704,Egvekinot,RU,2022-46-09/02/22 21:46:18,66.3167,-179.1667,37.53,78,69,5.37,broken clouds
705,Dromolaxia,CY,2022-46-09/02/22 21:46:18,34.8761,33.586,79.72,77,0,6.91,clear sky
706,Aberdeen,GB,2022-42-09/02/22 21:42:02,57.1437,-2.0981,61.29,95,100,13.8,overcast clouds
707,Killybegs,IE,2022-46-09/02/22 21:46:19,54.6333,-8.45,55.22,94,100,4.03,heavy intensity rain
708,Thinadhoo,MV,2022-46-09/02/22 21:46:19,0.5333,72.9333,81.25,74,37,16.87,scattered clouds
709,Makat,KZ,2022-46-09/02/22 21:46:20,47.6469,53.3463,77.0,69,42,9.01,scattered clouds
710,Sangar,RU,2022-46-09/02/22 21:46:20,63.9242,127.4739,38.8,95,80,4.41,broken clouds
711,Evensk,RU,2022-46-09/02/22 21:46:20,61.95,159.2333,50.32,98,100,8.46,overcast clouds
712,Chicama,PE,2022-46-09/02/22 21:46:21,-7.8447,-79.1469,61.34,67,9,9.01,clear sky
713,Sollies-Pont,FR,2022-46-09/02/22 21:46:21,43.1898,6.0432,72.99,84,40,8.05,scattered clouds
714,Togul,RU,2022-46-09/02/22 21:46:21,53.465,85.9128,43.54,93,14,3.31,few clouds
715,Margate,GB,2022-46-09/02/22 21:46:22,51.3813,1.3862,68.31,82,70,1.99,broken clouds
716,Prosvet,RU,2022-46-09/02/22 21:46:22,55.5703,65.0825,65.5,60,59,5.99,broken clouds
717,Luau,AO,2022-45-09/02/22 21:45:10,-10.7073,22.2247,72.81,29,91,4.21,overcast clouds
718,Coffeyville,US,2022-46-09/02/22 21:46:23,37.0373,-95.6164,88.25,52,20,14.97,few clouds
719,Shiraz,IR,2022-46-09/02/22 21:46:23,29.6036,52.5388,63.84,29,0,0.0,clear sky
720,Yaan,NG,2022-46-09/02/22 21:46:23,7.3833,8.5667,68.16,95,99,2.33,overcast clouds
721,Luquillo,PR,2022-46-09/02/22 21:46:24,18.3725,-65.7166,85.91,75,6,11.61,clear sky
722,Kinsale,IE,2022-46-09/02/22 21:46:24,51.7075,-8.5306,53.24,93,75,8.05,moderate rain
723,Binzhou,CN,2022-46-09/02/22 21:46:24,37.3667,118.0167,60.37,81,66,4.16,broken clouds
724,Maridi,SS,2022-46-09/02/22 21:46:25,4.9158,29.4742,65.48,98,61,8.61,broken clouds
725,Namwala,ZM,2022-46-09/02/22 21:46:25,-15.7504,26.4384,62.73,49,1,4.94,clear sky
726,Banyo,CM,2022-46-09/02/22 21:46:25,6.75,11.8167,62.11,96,100,3.98,overcast clouds
727,La Llagosta,ES,2022-46-09/02/22 21:46:26,41.5144,2.193,78.75,73,0,1.14,clear sky
728,Verkh-Usugli,RU,2022-47-09/02/22 21:47:26,52.7,115.1667,47.68,82,30,1.5,scattered clouds
729,Dunedin,NZ,2022-46-09/02/22 21:46:17,-45.8742,170.5036,50.81,86,51,3.0,broken clouds
730,Zyryanka,RU,2022-47-09/02/22 21:47:27,65.75,150.85,38.57,95,100,17.98,light rain
731,Casian,PH,2022-47-09/02/22 21:47:27,11.035,119.7136,82.31,79,100,9.22,overcast clouds
732,Ha Tinh,VN,2022-47-09/02/22 21:47:27,18.3333,105.9,78.08,85,100,2.57,overcast clouds
733,Bonthe,SL,2022-47-09/02/22 21:47:28,7.5264,-12.505,75.33,88,98,4.94,overcast clouds
734,Zambezi,ZM,2022-47-09/02/22 21:47:28,-13.5432,23.1047,60.78,41,3,5.64,clear sky
735,Newport,GB,2022-44-09/02/22 21:44:04,51.5877,-2.9984,65.61,73,70,4.45,broken clouds
736,Urumqi,CN,2022-47-09/02/22 21:47:29,43.801,87.6005,70.75,25,0,4.47,clear sky
737,Birjand,IR,2022-47-09/02/22 21:47:29,32.8663,59.2211,66.67,10,0,6.91,clear sky
738,Mocuba,MZ,2022-47-09/02/22 21:47:29,-16.8392,36.9856,61.61,79,83,1.48,broken clouds
739,Nabire,ID,2022-47-09/02/22 21:47:30,-3.3667,135.4833,76.32,88,100,2.51,overcast clouds
740,Sorong,ID,2022-47-09/02/22 21:47:30,-0.8833,131.25,78.21,87,100,5.5,overcast clouds
741,Ban Nahin,LA,2022-47-09/02/22 21:47:30,18.2418,104.2122,74.44,97,96,2.01,overcast clouds
742,Rendsburg,DE,2022-47-09/02/22 21:47:31,54.3,9.6667,61.9,71,99,10.36,overcast clouds
743,Samarai,PG,2022-47-09/02/22 21:47:31,-10.6167,150.6667,81.07,79,14,11.79,few clouds
744,Boralday,KZ,2022-47-09/02/22 21:47:31,43.3578,76.8594,58.86,38,0,4.47,clear sky
745,Komsomolets,KZ,2022-47-09/02/22 21:47:32,53.7453,62.0708,69.04,58,36,9.26,light rain
746,Muisne,EC,2022-47-09/02/22 21:47:32,0.6,-80.0333,76.33,82,83,7.49,broken clouds
747,Bawku,GH,2022-47-09/02/22 21:47:32,11.0616,-0.2417,71.82,91,99,4.43,overcast clouds
748,Bereda,ES,2022-47-09/02/22 21:47:33,43.2686,-7.5406,54.14,97,16,1.59,few clouds
749,Kieta,PG,2022-47-09/02/22 21:47:33,-6.2167,155.6333,80.62,80,100,1.97,overcast clouds
750,Abu Samrah,SY,2022-47-09/02/22 21:47:33,35.3029,37.1841,85.01,48,18,5.55,few clouds
751,Mackay,AU,2022-46-09/02/22 21:46:57,-21.15,149.2,66.69,94,79,4.76,broken clouds
752,Ostrowiec Swietokrzyski,PL,2022-47-09/02/22 21:47:34,50.9294,21.3853,55.09,54,57,5.77,broken clouds
753,Banda Aceh,ID,2022-47-09/02/22 21:47:34,5.5577,95.3222,78.03,83,96,14.74,overcast clouds
754,Gombe,NG,2022-47-09/02/22 21:47:35,10.2897,11.1673,69.08,94,63,12.91,light rain
755,Loei,TH,2022-47-09/02/22 21:47:35,17.4167,101.5,65.95,92,100,2.1,overcast clouds
756,Kingaroy,AU,2022-47-09/02/22 21:47:35,-26.5333,151.8333,55.44,100,100,11.5,light rain
757,Mendoza,AR,2022-47-09/02/22 21:47:36,-32.8908,-68.8272,63.93,17,0,10.36,clear sky
758,Xai-Xai,MZ,2022-47-09/02/22 21:47:36,-25.0519,33.6442,60.98,68,0,9.98,clear sky
759,Haimen,CN,2022-47-09/02/22 21:47:36,23.1935,116.6142,75.09,65,0,9.93,clear sky
760,Guangyuan,CN,2022-47-09/02/22 21:47:37,32.442,105.823,63.1,93,100,5.32,light rain
761,Maroon Town,JM,2022-47-09/02/22 21:47:37,18.3446,-77.7954,78.8,84,96,6.29,overcast clouds
762,Vila Do Maio,CV,2022-47-09/02/22 21:47:38,15.1333,-23.2167,77.79,82,63,14.45,broken clouds
763,Srivardhan,IN,2022-47-09/02/22 21:47:38,18.0333,73.0167,79.45,86,20,2.71,few clouds
764,Povorino,RU,2022-47-09/02/22 21:47:38,51.1945,42.2457,48.22,58,49,7.0,scattered clouds
765,Ban Mo,TH,2022-47-09/02/22 21:47:39,14.6154,100.7273,81.21,86,100,1.99,overcast clouds
766,Capitao Poco,BR,2022-47-09/02/22 21:47:39,-1.7464,-47.0594,81.19,70,94,8.48,overcast clouds
767,Fayaoue,NC,2022-47-09/02/22 21:47:39,-20.65,166.5333,74.32,65,96,16.49,overcast clouds
768,San Angelo,US,2022-43-09/02/22 21:43:28,31.4638,-100.437,73.94,93,100,11.5,mist
769,Rio Grande,BR,2022-47-09/02/22 21:47:40,-32.035,-52.0986,59.11,77,15,20.0,few clouds
770,Saint-Denis,FR,2022-47-09/02/22 21:47:40,48.9167,2.3333,69.12,79,0,3.44,clear sky
771,Gornopravdinsk,RU,2022-47-09/02/22 21:47:40,60.05,69.9,54.37,82,100,11.43,overcast clouds
772,Sinfra,CI,2022-47-09/02/22 21:47:41,6.6167,-5.9167,70.84,94,77,3.29,broken clouds
773,Agadez,NE,2022-47-09/02/22 21:47:41,19.75,10.25,93.7,18,1,5.68,clear sky
774,Barra Dos Coqueiros,BR,2022-47-09/02/22 21:47:41,-10.9089,-37.0386,75.22,83,40,11.5,scattered clouds
775,Teya,RU,2022-47-09/02/22 21:47:42,60.3778,92.6267,35.6,98,26,2.51,scattered clouds
776,Andros Town,BS,2022-45-09/02/22 21:45:00,24.7,-77.7667,87.76,68,5,12.97,clear sky
777,Atasu,KZ,2022-48-09/02/22 21:48:42,48.6814,71.6433,73.18,30,22,2.1,few clouds
778,Guadalupe,MX,2022-48-09/02/22 21:48:42,25.6833,-100.25,91.4,58,100,12.12,overcast clouds
779,Huron,US,2022-48-09/02/22 21:48:43,41.1501,-82.5499,82.98,67,100,6.13,overcast clouds
780,Yamada,JP,2022-48-09/02/22 21:48:43,39.4667,141.95,68.25,78,76,1.99,broken clouds
781,Huarmey,PE,2022-48-09/02/22 21:48:43,-10.0681,-78.1522,65.01,72,3,10.94,clear sky
782,Silvia,CO,2022-48-09/02/22 21:48:44,2.611,-76.3785,59.05,89,76,1.16,broken clouds
783,Khani,GE,2022-48-09/02/22 21:48:44,41.9563,42.9566,72.97,37,85,6.06,overcast clouds
784,Cedar City,US,2022-47-09/02/22 21:47:39,37.6775,-113.0619,94.17,8,0,9.22,clear sky
785,Formosa Do Rio Preto,BR,2022-48-09/02/22 21:48:45,-11.0483,-45.1931,77.61,35,2,4.07,clear sky
786,Ludwigslust,DE,2022-48-09/02/22 21:48:45,53.3167,11.5,60.82,69,43,7.94,scattered clouds
787,Farafangana,MG,2022-48-09/02/22 21:48:45,-22.8167,47.8333,67.33,64,100,3.69,overcast clouds
788,Lieto,FI,2022-48-09/02/22 21:48:46,60.5103,22.4618,48.96,94,0,2.3,clear sky
789,Krasnaya Gora,RU,2022-48-09/02/22 21:48:46,52.9995,31.6023,42.78,74,65,2.51,broken clouds
790,Kyra,RU,2022-48-09/02/22 21:48:46,49.5776,111.9753,47.86,89,37,2.73,scattered clouds
791,Kalabo,ZM,2022-48-09/02/22 21:48:47,-14.97,22.6814,60.31,39,1,6.04,clear sky
792,Viedma,AR,2022-48-09/02/22 21:48:47,-40.8135,-62.9967,54.37,29,0,5.48,clear sky
793,Pemangkat,ID,2022-48-09/02/22 21:48:47,1.1667,108.9667,78.58,84,79,7.18,broken clouds
794,Sioux Lookout,CA,2022-48-09/02/22 21:48:48,50.1001,-91.917,68.07,52,40,17.27,scattered clouds
795,Floro,NO,2022-48-09/02/22 21:48:48,61.5996,5.0328,57.16,72,40,8.05,scattered clouds
796,Mwene-Ditu,CD,2022-48-09/02/22 21:48:48,-7.0,23.45,66.0,91,100,5.06,light rain
797,Farah,AF,2022-48-09/02/22 21:48:48,32.5,62.5,73.36,12,0,3.31,clear sky
798,Pahrump,US,2022-45-09/02/22 21:45:58,36.2083,-115.9839,109.45,13,84,4.0,broken clouds
799,Roma,US,2022-48-09/02/22 21:48:49,43.2128,-75.4557,81.95,53,0,4.61,clear sky
800,Tabuk,PH,2022-48-09/02/22 21:48:49,17.4189,121.4443,74.12,91,100,3.78,light rain
801,Ngaoundere,CM,2022-48-09/02/22 21:48:50,7.3167,13.5833,61.77,98,99,2.48,overcast clouds
802,Shelburne,CA,2022-48-09/02/22 21:48:50,44.0787,-80.2041,83.23,43,92,12.08,overcast clouds
803,Reconquista,AR,2022-48-09/02/22 21:48:50,-29.15,-59.65,60.19,46,0,10.16,clear sky
804,Sherbakul,RU,2022-48-09/02/22 21:48:51,54.6316,72.3963,68.04,50,88,9.31,overcast clouds
805,Bilecik,TR,2022-48-09/02/22 21:48:51,40.0,30.1667,70.45,84,9,2.08,clear sky
806,Porto Novo,BJ,2022-48-09/02/22 21:48:51,6.4965,2.6036,75.31,91,98,3.0,overcast clouds
807,Ostrow Wielkopolski,PL,2022-48-09/02/22 21:48:51,51.655,17.8069,55.11,53,4,8.16,clear sky
808,Port Shepstone,ZA,2022-48-09/02/22 21:48:52,-30.7414,30.455,71.17,57,26,9.69,scattered clouds
809,Rocky Mountain House,CA,2022-45-09/02/22 21:45:10,52.3668,-114.9188,86.47,26,17,10.4,few clouds
810,Sheridan,US,2022-48-09/02/22 21:48:52,44.8333,-106.9173,90.7,22,0,10.36,clear sky
811,Krasnoselkup,RU,2022-48-09/02/22 21:48:53,65.7,82.4667,40.6,70,61,5.75,broken clouds
812,Chulman,RU,2022-48-09/02/22 21:48:53,56.8479,124.9104,36.14,91,42,2.44,scattered clouds
813,Parry Sound,CA,2022-44-09/02/22 21:44:09,45.3501,-80.033,80.65,50,97,5.08,overcast clouds
814,Sobolevo,RU,2022-48-09/02/22 21:48:53,54.4299,31.8996,41.52,76,7,4.85,clear sky
815,Suffolk,US,2022-48-09/02/22 21:48:54,40.8668,-72.7996,74.95,64,0,9.22,clear sky
816,Calamar,CO,2022-48-09/02/22 21:48:54,10.2511,-74.9146,83.35,78,100,6.96,overcast clouds
817,Kaseda,JP,2022-48-09/02/22 21:48:54,31.4167,130.3167,80.6,82,100,18.1,overcast clouds
818,Puerto Madryn,AR,2022-45-09/02/22 21:45:54,-42.7692,-65.0385,60.24,38,0,9.35,clear sky
819,Kafanchan,NG,2022-48-09/02/22 21:48:55,9.5833,8.3,65.57,99,99,2.06,overcast clouds
820,Bosaso,SO,2022-48-09/02/22 21:48:55,11.2842,49.1816,85.1,71,55,4.61,broken clouds
821,San Javier,ES,2022-48-09/02/22 21:48:56,37.8063,-0.8374,81.9,67,0,5.75,clear sky
822,Warwick,US,2022-48-09/02/22 21:48:56,41.7001,-71.4162,77.72,56,20,11.5,few clouds
823,Kichera,RU,2022-48-09/02/22 21:48:56,55.9375,110.0997,48.74,97,100,5.12,moderate rain
824,Winslow,US,2022-49-09/02/22 21:49:57,35.0242,-110.6974,95.18,20,0,8.05,clear sky
825,Flin Flon,CA,2022-49-09/02/22 21:49:57,54.7682,-101.865,62.44,48,20,6.91,few clouds
826,Maumere,ID,2022-49-09/02/22 21:49:57,-8.6199,122.2111,77.86,83,29,3.11,scattered clouds
827,Rosarito,MX,2022-49-09/02/22 21:49:58,32.3333,-117.0333,97.23,60,7,6.4,clear sky
828,Cabedelo,BR,2022-49-09/02/22 21:49:58,-6.9811,-34.8339,75.87,84,23,15.19,few clouds
829,Salinopolis,BR,2022-49-09/02/22 21:49:58,-0.6136,-47.3561,80.38,79,7,13.89,clear sky
830,Binga,ZW,2022-49-09/02/22 21:49:59,-17.6203,27.3414,62.94,55,5,2.1,clear sky
831,Cowansville,CA,2022-46-09/02/22 21:46:42,45.2001,-72.7491,74.37,47,3,5.75,clear sky
832,Ordzhonikidze,KZ,2022-49-09/02/22 21:49:59,52.4411,61.7408,73.63,42,48,6.91,scattered clouds
833,Kruisfontein,ZA,2022-50-09/02/22 21:50:00,-34.0033,24.7314,51.89,80,78,6.53,broken clouds
834,Sao Joao Da Barra,BR,2022-50-09/02/22 21:50:00,-21.6403,-41.0511,73.49,74,0,20.96,clear sky
835,Ivdel,RU,2022-50-09/02/22 21:50:00,60.6911,60.4206,49.55,93,38,7.4,scattered clouds
836,Ous,RU,2022-50-09/02/22 21:50:01,60.9058,61.5186,49.03,96,64,7.47,broken clouds
837,Araouane,ML,2022-50-09/02/22 21:50:01,18.9048,-3.5265,95.7,29,6,7.76,clear sky
838,Duliagaon,IN,2022-50-09/02/22 21:50:02,27.3667,95.3167,75.99,98,100,1.95,overcast clouds
839,Acapulco,MX,2022-47-09/02/22 21:47:34,16.8634,-99.8901,84.02,82,100,4.52,overcast clouds
840,Bhadrak,IN,2022-50-09/02/22 21:50:03,21.0633,86.5054,81.99,83,74,6.4,broken clouds
841,Begunitsy,RU,2022-50-09/02/22 21:50:03,59.5855,29.3176,40.37,92,86,4.41,overcast clouds
842,Ilukste,LV,2022-50-09/02/22 21:50:03,55.9775,26.2966,42.71,95,56,4.05,broken clouds
843,Bebra,DE,2022-50-09/02/22 21:50:04,50.9667,9.8,62.22,65,61,3.47,broken clouds
844,Pak Phanang,TH,2022-50-09/02/22 21:50:04,8.3511,100.202,78.55,85,100,5.59,overcast clouds
845,Spassk-Ryazanskiy,RU,2022-50-09/02/22 21:50:05,54.4072,40.3806,41.34,69,8,7.78,clear sky
846,Yerbogachen,RU,2022-50-09/02/22 21:50:05,61.2767,108.0108,38.95,89,100,4.63,overcast clouds
847,Port-Cartier,CA,2022-50-09/02/22 21:50:05,50.0334,-66.8654,59.22,61,9,8.16,clear sky
848,Adelaide,AU,2022-49-09/02/22 21:49:20,-34.9333,138.6,46.85,87,40,3.44,scattered clouds
849,Biak,ID,2022-50-09/02/22 21:50:06,-0.9131,122.8766,75.24,84,33,5.64,scattered clouds
850,Vallenar,CL,2022-47-09/02/22 21:47:08,-28.5708,-70.7581,67.91,30,0,5.32,clear sky
851,Fare,PF,2022-50-09/02/22 21:50:06,-16.7,-151.0167,78.67,67,1,20.31,clear sky
852,Ayagoz,KZ,2022-50-09/02/22 21:50:07,47.9714,80.4392,62.74,53,0,7.09,clear sky
853,Manassas Park,US,2022-48-09/02/22 21:48:04,38.784,-77.4697,88.07,51,0,8.05,clear sky
854,Bom Jesus,BR,2022-50-09/02/22 21:50:07,-9.0744,-44.3586,83.79,32,3,9.08,clear sky
855,Koszalin,PL,2022-50-09/02/22 21:50:08,54.1944,16.1722,53.24,79,19,9.93,few clouds
856,Doha,QA,2022-50-09/02/22 21:50:08,25.2867,51.5333,91.38,64,0,4.61,clear sky
857,Sparks,US,2022-49-09/02/22 21:49:12,39.5349,-119.7527,101.75,13,20,15.01,few clouds
858,Kashi,CN,2022-50-09/02/22 21:50:09,39.4547,75.9797,69.01,60,20,6.71,few clouds
859,Warrnambool,AU,2022-50-09/02/22 21:50:09,-38.3833,142.4833,50.58,83,31,8.32,scattered clouds
860,Manggar,ID,2022-50-09/02/22 21:50:10,-2.8833,108.2667,79.41,79,100,7.45,overcast clouds
861,Oksfjord,NO,2022-50-09/02/22 21:50:10,70.2396,22.3479,44.78,86,95,6.6,overcast clouds
862,Kilindoni,TZ,2022-50-09/02/22 21:50:11,-7.9139,39.6668,74.37,79,18,17.49,few clouds
863,Ponta Delgada,PT,2022-50-09/02/22 21:50:11,37.7333,-25.6667,73.51,78,20,5.75,few clouds
864,Morro Bay,US,2022-50-09/02/22 21:50:11,35.3658,-120.8499,112.93,48,16,9.33,few clouds
865,Rogers,US,2022-50-09/02/22 21:50:13,36.3668,-95.5836,88.02,66,47,5.01,scattered clouds
866,Biltine,TD,2022-47-09/02/22 21:47:44,14.5333,20.9167,84.42,52,22,4.56,few clouds
867,Lloret De Mar,ES,2022-50-09/02/22 21:50:13,41.6999,2.8457,77.9,92,88,4.0,overcast clouds
868,Mogadishu,SO,2022-46-09/02/22 21:46:38,2.0371,45.3438,75.52,83,28,19.01,scattered clouds
869,Songjianghe,CN,2022-50-09/02/22 21:50:14,42.1859,127.479,52.59,81,0,3.69,clear sky
870,Shizunai,JP,2022-50-09/02/22 21:50:14,42.3339,142.3669,63.73,70,94,1.5,overcast clouds
871,Kupang,ID,2022-49-09/02/22 21:49:06,-10.1667,123.5833,75.2,89,6,6.17,clear sky
872,El Dorado,US,2022-51-09/02/22 21:51:15,38.7666,-120.5177,102.42,15,0,3.0,clear sky
873,Otjiwarongo,NA,2022-51-09/02/22 21:51:15,-20.4637,16.6477,60.37,28,2,4.16,clear sky
874,Howard Springs,AU,2022-51-09/02/22 21:51:16,-12.497,131.047,76.82,72,37,7.4,light rain
875,Batticaloa,LK,2022-51-09/02/22 21:51:16,7.7102,81.6924,79.39,77,22,0.4,few clouds
876,Xining,CN,2022-51-09/02/22 21:51:16,36.6167,101.7667,48.2,89,100,2.86,overcast clouds
877,Moranbah,AU,2022-51-09/02/22 21:51:17,-22.0016,148.0466,63.14,79,28,12.53,scattered clouds
878,Kamaishi,JP,2022-51-09/02/22 21:51:01,39.2667,141.8833,69.12,79,87,2.21,overcast clouds
879,Kargopol,RU,2022-51-09/02/22 21:51:17,61.5071,38.9456,40.8,96,44,9.06,scattered clouds
880,Aitape,PG,2022-51-09/02/22 21:51:18,-3.1374,142.3475,78.78,82,85,4.9,overcast clouds
881,Aswan,EG,2022-51-09/02/22 21:51:18,24.0934,32.907,94.3,24,0,9.22,clear sky
882,Merke,KZ,2022-51-09/02/22 21:51:18,42.8728,73.1786,68.5,22,0,4.41,clear sky
883,Hannoversch Munden,DE,2022-51-09/02/22 21:51:19,51.4151,9.6505,63.09,57,11,6.13,few clouds
884,Nur,PL,2022-51-09/02/22 21:51:19,52.6683,22.3221,48.65,65,28,5.5,scattered clouds
885,Kozhva,RU,2022-51-09/02/22 21:51:19,65.1073,57.0459,44.02,97,100,3.74,light rain
886,Roudnice,CZ,2022-51-09/02/22 21:51:20,50.1762,15.6517,57.34,85,0,0.0,clear sky
887,Manuk Mangkaw,PH,2022-51-09/02/22 21:51:20,4.8,119.85,83.53,73,98,6.08,overcast clouds
888,Rosario,AR,2022-47-09/02/22 21:47:23,-32.9468,-60.6393,66.11,16,0,12.66,clear sky
889,Xichang,CN,2022-46-09/02/22 21:46:35,27.8964,102.2634,60.22,97,100,1.54,overcast clouds
890,Gravdal,NO,2022-51-09/02/22 21:51:21,68.1214,13.5031,46.29,76,0,6.91,clear sky
891,Pacific Grove,US,2022-51-09/02/22 21:51:21,36.6177,-121.9166,90.39,85,0,11.99,clear sky
892,Quirinopolis,BR,2022-51-09/02/22 21:51:22,-18.4483,-50.4517,80.46,25,0,4.18,clear sky
893,Korla,CN,2022-51-09/02/22 21:51:22,41.7597,86.1469,69.73,34,6,1.72,clear sky
894,Ketchikan,US,2022-51-09/02/22 21:51:22,55.3422,-131.6461,61.27,88,75,13.8,light rain
895,Mercedes,AR,2022-51-09/02/22 21:51:23,-34.6515,-59.4307,58.64,40,0,6.35,clear sky
896,Honningsvag,NO,2022-51-09/02/22 21:51:23,70.9821,25.9704,44.35,81,75,16.11,broken clouds
897,Cam Ranh,VN,2022-51-09/02/22 21:51:23,11.9214,109.1591,78.76,78,20,3.44,few clouds
898,Standerton,ZA,2022-51-09/02/22 21:51:24,-26.9337,29.2415,56.12,42,0,3.33,clear sky
899,Eyl,SO,2022-51-09/02/22 21:51:24,7.9803,49.8164,75.6,76,7,25.59,clear sky
900,Tayshet,RU,2022-51-09/02/22 21:51:24,55.9342,98.0044,40.17,95,79,10.4,broken clouds
901,Kazachinskoye,RU,2022-51-09/02/22 21:51:25,57.6953,93.2761,38.21,99,12,6.73,few clouds
902,Smidovich,RU,2022-51-09/02/22 21:51:25,48.6,133.8167,56.53,89,4,6.35,clear sky
903,Norden,DE,2022-51-09/02/22 21:51:25,53.6,7.2,62.94,54,96,17.87,overcast clouds
904,Sokolo,ML,2022-51-09/02/22 21:51:26,14.7328,-6.1219,81.9,68,27,5.86,light rain
905,Keti Bandar,PK,2022-51-09/02/22 21:51:26,24.1447,67.4497,81.01,82,100,12.35,overcast clouds
906,Tigil,RU,2022-51-09/02/22 21:51:26,57.8,158.6667,55.72,89,95,6.8,overcast clouds
907,Abu Dhabi,AE,2022-51-09/02/22 21:51:03,24.4667,54.3667,88.97,90,48,4.61,haze
908,Campo Formoso,BR,2022-51-09/02/22 21:51:27,-10.5075,-40.3214,67.86,88,90,8.32,overcast clouds
909,Cuauhtemoc,MX,2022-51-09/02/22 21:51:27,28.4167,-106.8667,66.96,74,100,9.24,overcast clouds
910,Takhatpur,IN,2022-51-09/02/22 21:51:28,22.15,81.8667,79.61,80,99,3.89,overcast clouds
911,Yazman,PK,2022-51-09/02/22 21:51:28,29.1212,71.7446,90.77,41,81,12.66,broken clouds
912,Thap Than,TH,2022-51-09/02/22 21:51:28,15.4606,99.8917,83.71,79,100,1.92,overcast clouds
913,Bagotville,AU,2022-51-09/02/22 21:51:29,-28.9833,153.4167,58.86,99,100,7.47,light rain
914,Mandalay,MM,2022-51-09/02/22 21:51:29,21.9747,96.0836,80.2,76,99,5.82,overcast clouds
915,Manicore,BR,2022-51-09/02/22 21:51:30,-5.8092,-61.3003,85.95,62,0,4.61,moderate rain
916,Multan,PK,2022-51-09/02/22 21:51:30,30.1956,71.4753,85.89,74,0,9.22,smoke
917,Hamilton,US,2022-47-09/02/22 21:47:04,39.1834,-84.5333,88.93,57,0,8.05,clear sky
918,Tawau,MY,2022-47-09/02/22 21:47:33,4.2498,117.8871,77.13,94,100,1.01,overcast clouds
919,Natal,BR,2022-50-09/02/22 21:50:21,-5.795,-35.2094,77.22,88,20,13.8,few clouds
920,Gladstone,AU,2022-52-09/02/22 21:52:31,-23.85,151.25,68.79,94,75,5.75,broken clouds
921,Yebaishou,CN,2022-52-09/02/22 21:52:31,41.3975,119.6408,57.33,86,100,3.38,overcast clouds
922,Galesburg,US,2022-52-09/02/22 21:52:31,40.9478,-90.3712,93.7,65,0,8.05,clear sky
923,Wukari,NG,2022-52-09/02/22 21:52:32,7.85,9.7833,68.5,97,98,4.21,overcast clouds
924,Mahajanga,MG,2022-52-09/02/22 21:52:32,-15.7167,46.3167,71.62,60,20,4.61,few clouds
925,San Rafael,AR,2022-52-09/02/22 21:52:32,-34.6177,-68.3301,61.41,19,0,13.35,clear sky
926,San Fernando,PH,2022-52-09/02/22 21:52:33,15.0286,120.6898,76.73,95,100,4.76,moderate rain
927,Lakatoro,VU,2022-52-09/02/22 21:52:33,-16.0999,167.4164,78.73,74,87,13.67,overcast clouds
928,Leningradskiy,RU,2022-52-09/02/22 21:52:33,69.3833,178.4167,37.74,73,92,10.02,overcast clouds
929,Mechanicsville,US,2022-52-09/02/22 21:52:34,37.6088,-77.3733,90.88,46,75,4.61,broken clouds
930,Samoded,RU,2022-52-09/02/22 21:52:34,63.6083,40.5111,43.61,97,100,7.07,overcast clouds
931,Robinson,US,2022-52-09/02/22 21:52:34,31.4677,-97.1147,87.21,65,0,6.91,clear sky
932,Katakwi,UG,2022-52-09/02/22 21:52:35,1.8911,33.9661,65.12,91,83,1.92,light rain
933,Pasaje,EC,2022-49-09/02/22 21:49:36,-3.3333,-79.8167,73.11,70,22,7.09,few clouds
934,Vostok,RU,2022-52-09/02/22 21:52:35,46.4856,135.8833,53.91,73,0,2.77,clear sky
935,Nioro,GM,2022-52-09/02/22 21:52:36,13.35,-15.75,74.37,94,87,6.04,light rain
936,Grenada,ES,2022-52-09/02/22 21:52:36,37.1882,-3.6067,77.68,34,0,1.99,clear sky
937,Boshnyakovo,RU,2022-52-09/02/22 21:52:36,49.6333,142.1667,60.51,83,0,8.01,clear sky
938,Kamina,CD,2022-52-09/02/22 21:52:37,-8.7386,24.9906,73.44,44,100,2.04,overcast clouds
939,Lashio,MM,2022-52-09/02/22 21:52:37,22.9333,97.75,67.44,99,79,0.58,broken clouds
940,North Myrtle Beach,US,2022-52-09/02/22 21:52:37,33.816,-78.68,87.01,68,0,10.36,clear sky
941,Poum,NC,2022-52-09/02/22 21:52:38,-20.2333,164.0167,74.84,73,99,24.85,overcast clouds
942,Whitehorse,CA,2022-52-09/02/22 21:52:38,60.7161,-135.0538,54.37,67,100,18.41,light rain
943,Tinos,GR,2022-52-09/02/22 21:52:38,37.5375,25.1634,78.42,73,0,0.0,clear sky
944,Lerwick,GB,2022-52-09/02/22 21:52:39,60.1545,-1.1494,55.4,90,52,16.58,broken clouds
945,Saquarema,BR,2022-52-09/02/22 21:52:39,-22.92,-42.5103,71.74,69,0,10.98,clear sky
946,Kainantu,PG,2022-52-09/02/22 21:52:39,-6.2887,145.8655,63.57,90,82,2.19,broken clouds
947,Malmo,SE,2022-52-09/02/22 21:52:40,55.6059,13.0007,60.67,81,22,13.91,few clouds
948,Ichinohe,JP,2022-52-09/02/22 21:52:40,40.2069,141.3017,63.41,87,100,0.34,overcast clouds
949,Kharan,PK,2022-52-09/02/22 21:52:41,28.5833,65.4167,86.52,13,0,3.33,clear sky
950,Berekum,GH,2022-52-09/02/22 21:52:41,7.4534,-2.584,70.32,96,94,3.51,overcast clouds
951,Bibbiena,IT,2022-52-09/02/22 21:52:41,43.6965,11.8135,70.09,78,46,2.35,scattered clouds
952,Robertsport,LR,2022-52-09/02/22 21:52:42,6.7533,-11.3686,76.96,84,45,7.34,scattered clouds
953,Ust-Omchug,RU,2022-52-09/02/22 21:52:43,61.15,149.6333,51.04,76,97,7.72,overcast clouds
954,Pizhma,RU,2022-52-09/02/22 21:52:43,57.8642,47.1171,45.09,87,100,9.75,overcast clouds
955,Itaueira,BR,2022-52-09/02/22 21:52:43,-7.6033,-43.0256,84.0,30,8,7.38,clear sky
956,Belyy Yar,RU,2022-52-09/02/22 21:52:44,53.6039,91.3903,48.85,76,0,4.47,clear sky
957,Fort Smith,US,2022-52-09/02/22 21:52:36,35.3859,-94.3986,91.38,74,75,10.36,broken clouds
958,Tiznit,MA,2022-52-09/02/22 21:52:44,29.5833,-9.5,81.32,36,52,2.98,broken clouds
959,Yarovoye,RU,2022-52-09/02/22 21:52:44,52.9273,78.58,58.8,79,92,7.72,light rain
960,Moron,AR,2022-52-09/02/22 21:52:45,-34.6534,-58.6198,60.55,31,0,4.72,clear sky
961,Qeshm,IR,2022-52-09/02/22 21:52:45,26.9581,56.2719,85.89,73,80,9.46,broken clouds
962,Karlskoga,SE,2022-52-09/02/22 21:52:45,59.3267,14.5239,51.12,76,100,2.8,overcast clouds
963,Vanderhoof,CA,2022-52-09/02/22 21:52:46,54.0166,-124.0198,82.58,31,100,3.04,overcast clouds
964,Pedra Azul,BR,2022-52-09/02/22 21:52:46,-16.0053,-41.2972,64.36,67,39,4.32,scattered clouds
965,Bani Walid,LY,2022-52-09/02/22 21:52:46,31.7566,13.9942,76.24,64,0,5.39,clear sky
966,Okakarara,NA,2022-52-09/02/22 21:52:47,-20.5833,17.4333,62.22,25,1,9.57,clear sky
967,Mumford,GH,2022-53-09/02/22 21:53:47,5.2618,-0.759,73.92,93,22,8.48,few clouds
968,Volksrust,ZA,2022-53-09/02/22 21:53:47,-27.3654,29.8818,53.64,44,0,3.24,clear sky
969,Massaguet,TD,2022-53-09/02/22 21:53:48,12.4755,15.4365,79.68,75,10,5.17,light rain
970,Marystown,CA,2022-53-09/02/22 21:53:48,47.1666,-55.1483,66.38,84,100,5.57,overcast clouds
971,Khorramshahr,IR,2022-53-09/02/22 21:53:48,30.4397,48.1664,87.76,45,0,0.0,clear sky
972,Ouegoa,NC,2022-53-09/02/22 21:53:49,-20.35,164.4333,74.41,70,100,14.7,overcast clouds
973,Copiapo,CL,2022-49-09/02/22 21:49:42,-27.3667,-70.3333,56.89,30,0,5.39,clear sky
974,Fukue,JP,2022-53-09/02/22 21:53:49,32.6881,128.8419,80.58,80,100,12.84,heavy intensity rain
975,Ust-Charyshskaya Pristan,RU,2022-53-09/02/22 21:53:50,52.3934,83.6635,48.88,95,67,5.01,broken clouds
976,Alihe,CN,2022-53-09/02/22 21:53:50,50.5667,123.7167,54.43,74,70,2.19,broken clouds
977,San Mateo Del Mar,MX,2022-53-09/02/22 21:53:50,16.2,-95.0,84.58,72,100,13.94,overcast clouds
978,Baruun-Urt,MN,2022-53-09/02/22 21:53:51,46.6806,113.2792,56.37,58,94,5.17,overcast clouds
979,Beaverlodge,CA,2022-53-09/02/22 21:53:51,55.2166,-119.4361,83.55,22,76,6.35,broken clouds
980,Iquique,CL,2022-52-09/02/22 21:52:55,-20.2208,-70.1431,60.84,78,20,6.62,few clouds
981,Bambanglipuro,ID,2022-53-09/02/22 21:53:51,-7.95,110.2833,75.11,91,74,4.23,broken clouds
982,Baiersbronn,DE,2022-53-09/02/22 21:53:52,48.5,8.3833,59.56,96,95,2.93,overcast clouds
983,Bocas Del Toro,PA,2022-53-09/02/22 21:53:52,9.3333,-82.25,82.76,74,93,8.39,overcast clouds
984,Angren,UZ,2022-53-09/02/22 21:53:52,41.0167,70.1436,70.41,23,0,4.32,clear sky
985,Dicamay,PH,2022-53-09/02/22 21:53:53,16.7561,122.0037,74.61,89,100,3.24,overcast clouds
986,Quesnel,CA,2022-53-09/02/22 21:53:53,52.9999,-122.5029,86.5,30,0,6.91,clear sky
987,Santiago De Cao,PE,2022-53-09/02/22 21:53:53,-7.9589,-79.2392,62.73,77,25,12.66,fog
988,Marstal,DK,2022-53-09/02/22 21:53:54,54.8562,10.5173,64.31,68,72,22.17,broken clouds
989,Algiers,DZ,2022-49-09/02/22 21:49:35,36.7525,3.042,78.62,54,0,3.44,clear sky
990,Bardejov,SK,2022-53-09/02/22 21:53:54,49.2918,21.2727,56.28,65,100,6.38,overcast clouds
991,Makinsk,KZ,2022-53-09/02/22 21:53:55,52.6292,70.4169,69.48,34,100,9.01,overcast clouds
992,Fontenay-Le-Comte,FR,2022-53-09/02/22 21:53:55,46.5833,-1.0,67.64,95,3,5.91,clear sky
993,Lodja,CD,2022-53-09/02/22 21:53:55,-3.4833,23.4333,67.53,99,99,0.31,overcast clouds
994,Salta,AR,2022-53-09/02/22 21:53:56,-24.7859,-65.4117,57.79,46,0,6.91,clear sky
995,Asbe Teferi,ET,2022-53-09/02/22 21:53:56,9.0833,40.8667,63.84,77,90,5.28,light rain
996,Copalillo,MX,2022-53-09/02/22 21:53:56,18.0333,-99.1167,84.9,47,87,1.52,overcast clouds
997,Datong,CN,2022-53-09/02/22 21:53:57,40.0936,113.2914,59.94,78,100,5.93,overcast clouds
998,San Jeronimo,PE,2022-53-09/02/22 21:53:57,-11.9472,-75.2829,60.49,40,5,10.25,clear sky
999,Umm Lajj,SA,2022-53-09/02/22 21:53:57,25.0213,37.2685,84.72,79,69,9.26,broken clouds
1000,Orlik,RU,2022-53-09/02/22 21:53:58,52.5178,99.825,46.62,92,100,5.01,light rain
1001,Tsogni,GA,2022-53-09/02/22 21:53:58,-2.7942,10.0988,72.39,89,25,5.86,scattered clouds
1002,Port Dickson,MY,2022-53-09/02/22 21:53:58,2.5228,101.7959,79.02,78,98,2.24,overcast clouds
1003,Baicheng,CN,2022-53-09/02/22 21:53:59,45.6167,122.8167,58.82,65,17,8.23,few clouds
1004,Menongue,AO,2022-53-09/02/22 21:53:59,-14.6585,17.691,57.24,30,2,5.3,clear sky
1005,Prince George,CA,2022-53-09/02/22 21:53:59,53.9166,-122.753,84.25,36,0,11.5,clear sky
1006,Ibadan,NG,2022-54-09/02/22 21:54:00,7.3878,3.8964,70.18,96,100,1.32,overcast clouds
1007,Kempele,FI,2022-54-09/02/22 21:54:00,64.9131,25.5034,44.62,87,40,12.66,scattered clouds
1008,Lufilufi,WS,2022-54-09/02/22 21:54:00,-13.8745,-171.5986,87.58,73,44,10.0,scattered clouds
1009,Cimitarra,CO,2022-54-09/02/22 21:54:01,6.3142,-73.9497,84.96,73,99,1.66,overcast clouds
1010,Byron Bay,AU,2022-54-09/02/22 21:54:01,-28.65,153.6167,58.95,92,100,11.01,light rain
1011,Meadow Lake,US,2022-54-09/02/22 21:54:01,34.8014,-106.5436,96.35,21,32,7.92,scattered clouds
1012,Gonbad-E Qabus,IR,2022-54-09/02/22 21:54:02,37.25,55.1672,76.15,57,0,2.06,clear sky
1013,Sumkino,RU,2022-55-09/02/22 21:55:02,58.1108,68.3244,59.74,81,100,4.76,overcast clouds
1014,Zabid,YE,2022-55-09/02/22 21:55:03,14.1951,43.3152,89.64,57,89,7.2,overcast clouds
1015,Neuquen,AR,2022-55-09/02/22 21:55:03,-38.9516,-68.0591,69.69,21,0,3.44,clear sky
1016,Buin,CL,2022-55-09/02/22 21:55:03,-33.7333,-70.75,75.52,47,0,2.37,clear sky
1017,Port Keats,AU,2022-55-09/02/22 21:55:04,-14.25,129.55,74.91,52,4,14.25,clear sky
1018,Karasjok,NO,2022-55-09/02/22 21:55:04,69.4719,25.5112,38.91,90,99,7.54,overcast clouds
1019,Soubre,CI,2022-55-09/02/22 21:55:04,5.7856,-6.6083,71.58,98,46,3.2,scattered clouds
1020,Broken Hill,AU,2022-55-09/02/22 21:55:05,-31.95,141.4333,40.64,74,0,19.53,clear sky
1021,Zhanaozen,KZ,2022-55-09/02/22 21:55:05,43.3,52.8,83.46,13,0,9.66,clear sky
1022,Pafos,CY,2022-55-09/02/22 21:55:06,34.7667,32.4167,76.78,65,0,5.75,clear sky
1023,Labytnangi,RU,2022-55-09/02/22 21:55:06,66.6572,66.4183,46.11,73,100,19.44,light rain
1024,Springdale,US,2022-54-09/02/22 21:54:20,36.1867,-94.1288,81.05,89,75,5.75,broken clouds
1025,Chebenki,RU,2022-55-09/02/22 21:55:06,51.9337,55.7077,65.95,60,67,14.27,broken clouds
1026,Dieppe,FR,2022-55-09/02/22 21:55:07,49.75,1.1667,65.19,94,78,7.58,broken clouds
1027,Tsumeb,NA,2022-55-09/02/22 21:55:07,-19.2333,17.7167,67.77,22,1,8.72,clear sky
1028,Cangzhou,CN,2022-55-09/02/22 21:55:07,38.3167,116.8667,63.64,71,78,3.89,broken clouds
1029,Winneba,GH,2022-55-09/02/22 21:55:08,5.3511,-0.6231,73.76,94,31,7.87,scattered clouds
1030,Valley City,US,2022-55-09/02/22 21:55:08,46.9233,-98.0032,75.72,31,0,14.97,clear sky
1031,Phonhong,LA,2022-55-09/02/22 21:55:09,18.5007,102.4166,74.75,95,93,2.26,light rain
1032,Cabatuan,PH,2022-55-09/02/22 21:55:09,10.8794,122.486,77.09,88,100,5.08,overcast clouds
1033,Svetlaya,RU,2022-55-09/02/22 21:55:09,46.5389,138.3297,60.89,61,0,4.85,clear sky
1034,Bougouni,ML,2022-55-09/02/22 21:55:10,11.417,-7.479,72.55,92,99,3.74,overcast clouds
1035,Ternova,UA,2022-55-09/02/22 21:55:10,50.1849,36.6757,51.22,50,85,6.38,overcast clouds
1036,Puteyets,RU,2022-55-09/02/22 21:55:11,65.1716,57.091,44.51,97,100,4.07,light rain
1037,Ishinomaki,JP,2022-55-09/02/22 21:55:11,38.4167,141.3,73.4,82,72,5.01,broken clouds
1038,Rocha,UY,2022-50-09/02/22 21:50:20,-34.4833,-54.3333,45.27,78,22,14.0,few clouds
1039,San Antonio,US,2022-51-09/02/22 21:51:00,29.4241,-98.4936,96.06,44,40,10.36,scattered clouds
1040,Atyrau,KZ,2022-55-09/02/22 21:55:11,47.1167,51.8833,75.22,88,15,6.71,mist
1041,Barillas,GT,2022-55-09/02/22 21:55:12,15.8036,-91.3158,63.14,99,100,1.88,overcast clouds
1042,Lingdong,CN,2022-55-09/02/22 21:55:12,46.5669,131.1453,58.66,74,45,5.1,scattered clouds
1043,Ambunti,PG,2022-55-09/02/22 21:55:12,-4.2365,142.8448,76.77,83,49,1.05,scattered clouds
1044,Solano,US,2022-55-09/02/22 21:55:13,38.2333,-121.9511,105.53,27,0,17.27,clear sky
1045,Charters Towers,AU,2022-55-09/02/22 21:55:13,-20.1,146.2667,59.54,76,30,18.05,scattered clouds
1046,Leopold,AU,2022-55-09/02/22 21:55:13,-38.1833,144.4667,45.82,97,75,6.91,broken clouds
1047,Walla Walla,US,2022-54-09/02/22 21:54:59,46.0646,-118.343,103.05,6,0,6.62,clear sky
1048,Eureka,US,2022-55-09/02/22 21:55:14,40.8021,-124.1637,82.67,86,68,4.0,broken clouds
1049,Hauknes,NO,2022-55-09/02/22 21:55:14,66.2833,14.0667,43.79,84,30,3.44,scattered clouds
1050,Zemio,CF,2022-55-09/02/22 21:55:15,5.0314,25.1361,65.61,99,99,2.77,overcast clouds
1051,Zyryanovsk,KZ,2022-55-09/02/22 21:55:15,49.7386,84.2719,54.43,74,5,1.25,clear sky
1052,Diapaga,BF,2022-55-09/02/22 21:55:15,12.0708,1.7889,71.33,97,75,5.21,broken clouds
1053,Fomboni,KM,2022-55-09/02/22 21:55:16,-12.28,43.7425,74.79,72,1,3.76,clear sky
1054,Zaysan,KZ,2022-55-09/02/22 21:55:16,47.4667,84.8667,65.17,44,1,9.48,clear sky
1055,Lucapa,AO,2022-55-09/02/22 21:55:17,-8.4192,20.7447,67.17,82,92,2.37,light rain
1056,Chulym,RU,2022-55-09/02/22 21:55:17,55.0997,80.9572,46.72,81,81,7.36,broken clouds
1057,Pochutla,MX,2022-55-09/02/22 21:55:18,15.7432,-96.4661,82.81,91,100,0.47,overcast clouds
1058,Flinders,AU,2022-55-09/02/22 21:55:18,-34.5833,150.8552,51.26,85,100,8.99,light rain
1059,Bud,US,2022-50-09/02/22 21:50:21,39.447,-86.1758,86.2,54,100,5.39,overcast clouds
1060,Cabinda,AO,2022-56-09/02/22 21:56:19,-5.55,12.2,73.2,87,6,5.75,clear sky
1061,San Jose,US,2022-56-09/02/22 21:56:00,37.3394,-121.895,97.9,45,0,9.22,clear sky
1062,Kahramanmaras,TR,2022-56-09/02/22 21:56:19,38.0,37.0,71.4,30,0,3.89,clear sky
1063,Abha,SA,2022-56-09/02/22 21:56:20,18.2164,42.5053,69.62,28,0,0.0,clear sky
1064,Nelson Bay,AU,2022-56-09/02/22 21:56:20,-32.7167,152.15,59.0,88,100,15.01,light rain
1065,Shahpura,IN,2022-56-09/02/22 21:56:20,27.3833,75.9667,82.74,67,62,6.89,broken clouds
1066,Ucluelet,CA,2022-56-09/02/22 21:56:21,48.9329,-125.5528,66.51,81,93,1.99,overcast clouds
1067,Soltau,DE,2022-56-09/02/22 21:56:21,52.9833,9.8333,62.28,54,12,9.04,few clouds
1068,Plaster Rock,CA,2022-56-09/02/22 21:56:21,46.9065,-67.39,68.59,68,1,3.04,clear sky
1069,Muscle Shoals,US,2022-56-09/02/22 21:56:22,34.7448,-87.6675,89.04,63,100,8.05,thunderstorm
1070,Farmington,US,2022-56-09/02/22 21:56:22,36.7281,-108.2187,95.2,17,0,13.0,clear sky
1071,Huatulco,MX,2022-56-09/02/22 21:56:22,15.8436,-96.3267,81.86,85,100,1.14,overcast clouds
1072,Takoradi,GH,2022-56-09/02/22 21:56:23,4.8845,-1.7554,74.35,92,32,6.6,scattered clouds
1073,Penzance,GB,2022-56-09/02/22 21:56:23,50.1186,-5.5371,61.48,79,100,10.07,overcast clouds
1074,Mulatupo,PA,2022-56-09/02/22 21:56:23,8.9492,-77.7652,82.13,78,55,4.74,broken clouds
1075,Oussouye,SN,2022-56-09/02/22 21:56:24,12.485,-16.5469,82.49,89,81,6.42,broken clouds
1076,Mahina,PF,2022-56-09/02/22 21:56:24,-17.5065,-149.489,82.17,57,20,9.22,few clouds
1077,Kuminskiy,RU,2022-56-09/02/22 21:56:24,58.6667,66.5667,60.21,94,100,5.55,light rain
1078,Ongandjera,NA,2022-56-09/02/22 21:56:25,-17.8833,15.0667,67.6,22,0,8.14,clear sky
1079,Ilhabela,BR,2022-53-09/02/22 21:53:46,-23.7781,-45.3581,69.66,62,0,3.31,clear sky
1080,Seabra,BR,2022-56-09/02/22 21:56:25,-12.4186,-41.7703,64.54,81,89,4.52,overcast clouds
1081,Lebanon,US,2022-56-09/02/22 21:56:25,36.2081,-86.2911,92.28,66,100,11.5,overcast clouds
1082,Ulladulla,AU,2022-56-09/02/22 21:56:26,-35.35,150.4667,50.79,64,100,15.48,overcast clouds
1083,Polunochnoye,RU,2022-56-09/02/22 21:56:26,60.8697,60.4153,47.86,93,38,7.81,scattered clouds
1084,Muros,ES,2022-56-09/02/22 21:56:26,42.7762,-9.0603,56.68,84,0,7.02,clear sky
1085,Tevaitoa,PF,2022-56-09/02/22 21:56:27,-16.7833,-151.5,78.98,67,0,20.54,clear sky
1086,Vikersund,NO,2022-56-09/02/22 21:56:27,59.9659,9.995,57.47,80,90,1.66,overcast clouds
1087,Andenes,NO,2022-56-09/02/22 21:56:27,69.3143,16.1194,46.38,81,34,20.71,scattered clouds
1088,San Ramon,US,2022-52-09/02/22 21:52:41,37.7799,-121.978,102.81,38,0,9.22,haze
1089,Barra,BR,2022-56-09/02/22 21:56:28,-11.0894,-43.1417,76.15,59,9,15.19,clear sky
1090,Dunkwa,GH,2022-56-09/02/22 21:56:28,5.9656,-1.78,71.71,98,63,3.13,broken clouds
1091,Abbeville,FR,2022-55-09/02/22 21:55:18,50.1,1.8333,64.36,91,58,7.16,broken clouds
1092,Oistins,BB,2022-54-09/02/22 21:54:50,13.0667,-59.5333,86.09,66,20,11.5,few clouds
1093,San Miguel De Cauri,PE,2022-56-09/02/22 21:56:29,-10.1,-76.5833,53.73,45,24,13.4,few clouds
1094,Ghanzi,BW,2022-54-09/02/22 21:54:30,-21.5667,21.7833,58.32,21,0,9.01,clear sky
1095,Banes,CU,2022-56-09/02/22 21:56:29,20.9625,-75.7186,82.81,70,85,13.6,overcast clouds
1096,Giyani,ZA,2022-56-09/02/22 21:56:29,-23.3025,30.7187,61.32,39,0,3.6,clear sky
1097,Katobu,ID,2022-56-09/02/22 21:56:30,-4.9408,122.5276,73.85,94,16,4.09,few clouds
1098,Cananeia,BR,2022-56-09/02/22 21:56:30,-25.0147,-47.9267,66.43,83,3,2.8,clear sky
